"Time (s)"	"Linear Acceleration x (m/s^2)"	"Linear Acceleration y (m/s^2)"	"Linear Acceleration z (m/s^2)"	"Absolute acceleration (m/s^2)"
3.199008900E-2	-1.645855606E-3	-4.345133901E-3	4.008293152E-2	4.035133738E-2
4.199008900E-2	-2.528395504E-3	-4.054695368E-3	4.007530212E-2	4.035917713E-2
5.199008900E-2	-3.213185817E-3	-3.769919276E-3	4.006862640E-2	4.037365077E-2
6.199008900E-2	-3.925325349E-3	-3.389015794E-3	4.006004333E-2	4.039431494E-2
7.199008900E-2	-4.869045690E-3	-2.951413393E-3	4.004955292E-2	4.045225749E-2
8.199008900E-2	-5.371445790E-3	-2.637058496E-3	4.004287720E-2	4.048751069E-2
9.199008900E-2	-6.233932450E-3	-2.179950476E-3	4.003238678E-2	4.057346533E-2
1.019900890E-1	-7.060742006E-3	-1.792430878E-3	4.002380371E-2	4.068134400E-2
1.119900890E-1	-7.916746661E-3	-1.309037209E-3	4.001331329E-2	4.080997056E-2
1.219908390E-1	-8.648235351E-3	-8.932650089E-4	4.000377655E-2	4.093766036E-2
1.319908390E-1	-9.249804541E-3	-5.194097757E-4	3.999710083E-2	4.105601960E-2
1.419908390E-1	-9.791236371E-3	-9.165704250E-5	3.998851776E-2	4.116987082E-2
1.519908390E-1	-9.394902736E-3	1.169145107E-4	3.998565674E-2	4.107469551E-2
1.619908390E-1	-1.221187785E-2	7.922947407E-4	3.996849060E-2	4.179997527E-2
1.719908390E-1	-1.147081889E-2	8.054971695E-4	3.996944427E-2	4.159068390E-2
1.819908390E-1	-1.214759983E-2	1.073136926E-3	3.996372223E-2	4.178294986E-2
1.919908390E-1	-1.207748428E-2	1.354649663E-3	3.995895386E-2	4.176623871E-2
2.019908390E-1	-1.315632463E-2	1.764640212E-3	3.994941711E-2	4.209701605E-2
2.119908390E-1	-1.342340931E-2	1.960560679E-3	3.994655609E-2	4.218719070E-2
2.219908390E-1	-1.315296255E-2	2.105027437E-3	3.994464874E-2	4.210708405E-2
2.319911540E-1	-1.364616677E-2	2.314627171E-3	3.993988037E-2	4.227019530E-2
2.419911540E-1	-1.355029643E-2	2.499848604E-3	3.993701935E-2	4.224719270E-2
2.519911540E-1	-1.460325345E-2	2.637967467E-3	3.993320465E-2	4.260134643E-2
2.619911540E-1	-1.432796195E-2	2.739146352E-3	3.993129730E-2	4.251237374E-2
2.719911540E-1	-1.458999142E-2	2.891853452E-3	3.992843628E-2	4.260881000E-2
2.819911540E-1	-1.483297907E-2	3.009811044E-3	3.992652893E-2	4.269899229E-2
2.919911540E-1	-1.500250958E-2	3.076747060E-3	3.992462158E-2	4.276116316E-2
3.019911540E-1	-1.544713415E-2	3.199964762E-3	3.992271423E-2	4.292641191E-2
3.119911540E-1	-1.582811028E-2	3.289461136E-3	3.991985321E-2	4.306906442E-2
3.219911540E-1	-1.636077836E-2	3.498867154E-3	3.991508484E-2	4.327968505E-2
3.319911540E-1	-1.627600938E-2	3.544092178E-3	3.991508484E-2	4.325139383E-2
3.419911540E-1	-1.626629010E-2	3.570690751E-3	3.991508484E-2	4.324992513E-2
3.519911540E-1	-1.669459976E-2	3.834784031E-3	3.990936279E-2	4.343008713E-2
3.619911540E-1	-1.666125841E-2	3.852814436E-3	3.990936279E-2	4.341887780E-2
3.719913540E-1	-1.671002060E-2	3.895446658E-3	3.990936279E-2	4.344141494E-2
3.819913540E-1	-1.667930186E-2	3.869265318E-3	3.990936279E-2	4.342726751E-2
3.919913540E-1	-1.739785261E-2	4.224687815E-3	3.990173340E-2	4.373421533E-2
4.019913540E-1	-1.737528481E-2	4.303827882E-3	3.990173340E-2	4.373295994E-2
4.119913540E-1	-2.035597712E-2	-2.145618200E-4	5.665493011E-2	6.020127031E-2
4.219911540E-1	-2.512963116E-2	4.670530558E-3	8.059501648E-2	8.455098402E-2
4.319911540E-1	-4.193728045E-2	2.363011241E-3	3.749752045E-2	5.630615733E-2
4.419911540E-1	-3.359928727E-2	2.877227962E-2	5.425834656E-2	7.000517374E-2
4.519911540E-1	-3.487493098E-2	2.366146445E-2	7.581329346E-2	8.673973239E-2
4.619911540E-1	-1.908992790E-2	3.901273012E-3	2.075958252E-2	2.847113529E-2
4.719911540E-1	-2.745236084E-2	-6.101787090E-3	2.316284180E-2	3.643324253E-2
4.819913540E-1	-1.886894368E-2	1.281271875E-2	7.584095001E-2	7.919629092E-2
4.919913540E-1	-3.429140896E-2	1.480016112E-2	4.472732544E-2	5.827073999E-2
5.019913540E-1	-1.815666072E-2	2.142602205E-2	4.474163055E-2	5.282567798E-2
5.119913540E-1	-9.531499818E-3	2.792364359E-2	4.954433441E-2	5.766472433E-2
5.219913540E-1	-1.299501024E-2	3.013834357E-3	7.829475403E-2	7.942305709E-2
5.319911540E-1	-1.669521630E-2	4.804208875E-3	7.830715179E-2	8.021110080E-2
5.419911540E-1	-5.978018045E-3	4.227757454E-3	5.677223206E-2	5.724244025E-2
5.519911540E-1	-2.798669040E-3	1.425817609E-3	5.678081512E-2	5.686762234E-2
5.619911540E-1	-1.629989222E-2	9.931474924E-4	6.636810303E-2	6.834762562E-2
5.719911540E-1	-2.762177214E-2	-6.380513310E-3	5.440235138E-2	6.134565251E-2
5.819911540E-1	-2.413346991E-2	5.477413535E-3	2.088928223E-2	3.238500488E-2
5.919911540E-1	-1.820526272E-2	2.447500825E-2	8.793354034E-2	9.307397669E-2
6.019911540E-1	-3.135554492E-2	4.894822836E-3	8.315753937E-2	8.900733589E-2
6.119911540E-1	-1.329475269E-2	9.389713407E-3	3.049373627E-2	3.456566386E-2
6.219913540E-1	-2.591945231E-4	4.338964820E-3	5.205059052E-2	5.223176974E-2
6.319913540E-1	1.497874036E-2	1.582294703E-3	5.684757233E-2	5.880912173E-2
6.419913540E-1	-8.461531252E-3	-1.063469052E-2	5.685424805E-2	5.845596355E-2
6.519913540E-1	1.065993495E-2	1.340226829E-2	1.854515076E-2	2.524237756E-2
6.619913540E-1	1.544635743E-3	-3.823280334E-3	4.249668121E-2	4.269626783E-2
6.719911540E-1	-3.286682069E-3	-1.229003072E-3	8.558940887E-2	8.566130771E-2
6.819911540E-1	-3.320138901E-3	-1.549966633E-2	4.967498779E-2	5.214275972E-2
6.919911540E-1	-1.533137634E-2	3.678545356E-3	4.249191284E-2	4.532268145E-2
7.019911540E-1	-1.058826223E-2	2.538193762E-2	5.685329437E-2	6.315576882E-2
7.119911540E-1	-2.258511633E-2	2.302056551E-2	7.361316681E-2	8.036748250E-2
7.219911540E-1	-1.958213374E-2	2.739760280E-2	5.446910858E-2	6.403883502E-2
7.319913540E-1	-1.141271740E-2	1.446041465E-2	6.406593323E-2	6.666181449E-2
7.419913540E-1	6.341561675E-3	-5.545020103E-3	4.971981049E-2	5.042838692E-2
7.519913540E-1	-2.963244915E-4	-8.473485708E-3	6.649017334E-2	6.702858285E-2
7.619913540E-1	-1.465457305E-2	5.873739719E-3	5.930900574E-2	6.137438791E-2
7.719913540E-1	4.523616284E-3	5.953013897E-3	4.733562469E-2	4.792246701E-2
7.819911540E-1	-1.940137520E-2	1.802107692E-2	5.930614471E-2	6.494914452E-2
7.919911540E-1	-2.153859660E-2	-1.418262720E-3	6.649398804E-2	6.990974938E-2
8.019911540E-1	3.114387393E-3	-2.084130049E-2	5.453109741E-2	5.846109646E-2
8.119911540E-1	-3.475194797E-2	-8.837848902E-3	6.171417236E-2	7.137537763E-2
8.219911540E-1	4.747502506E-3	1.051895320E-2	2.580356598E-2	2.826678570E-2
8.319911540E-1	3.061443567E-3	8.919835091E-4	7.608604431E-2	7.615283455E-2
8.419911540E-1	1.805132441E-2	1.999515295E-2	6.172466278E-2	6.734679243E-2
8.519911540E-1	6.171334535E-3	9.867891669E-3	5.934047699E-2	6.047109115E-2
8.619911540E-1	1.105749235E-2	3.195703030E-4	6.891727448E-2	6.979943397E-2
8.719913540E-1	-1.526245475E-2	-1.873718202E-2	4.976177216E-2	5.531960306E-2
8.819913540E-1	-1.052016020E-2	1.007999480E-2	6.651973724E-2	6.809666298E-2
8.919913540E-1	-1.049504429E-2	1.729789376E-2	5.933761597E-2	6.269223040E-2
9.019913540E-1	-1.519767940E-2	2.845570445E-3	5.933856964E-2	6.131991991E-2
9.119913540E-1	-5.173023790E-3	7.359907031E-3	4.498100281E-2	4.587176714E-2
9.219911540E-1	1.201716065E-2	-1.212103665E-2	6.892967224E-2	7.101148777E-2
9.319911540E-1	-1.908654720E-2	-7.298439741E-3	4.977607727E-2	5.380726136E-2
9.419911540E-1	-1.141650975E-2	-1.196505129E-2	8.090019226E-2	8.257324176E-2
9.519911540E-1	2.490934730E-2	-9.266361594E-3	5.216693878E-2	5.854682350E-2
9.619911540E-1	-3.840349615E-3	5.133315921E-3	5.695533752E-2	5.731500406E-2
9.719911540E-1	-1.593025401E-2	-1.955702901E-3	6.413555145E-2	6.611328707E-2
9.819913540E-1	-1.117266342E-2	1.729308069E-2	4.498004913E-2	4.946800853E-2
9.919913540E-1	-2.030210570E-2	-4.308730364E-3	5.455970764E-2	5.837381563E-2
1.001991354E0	1.672126353E-3	5.380153656E-3	7.131862640E-2	7.154081724E-2
1.011991354E0	2.217192203E-3	-1.379914582E-2	6.892871857E-2	7.033136292E-2
1.021991354E0	-2.491265535E-3	1.495043933E-2	6.414031982E-2	6.590677255E-2
1.031991154E0	-9.717106819E-3	2.696500719E-2	6.892776489E-2	7.464965205E-2
1.041991154E0	1.951345429E-2	1.450268924E-2	5.696773529E-2	6.193888728E-2
1.051991154E0	2.752717584E-3	-2.809911966E-3	8.331394196E-2	8.340675023E-2
1.061991154E0	7.564362139E-3	-9.913742542E-3	8.570671082E-2	8.660913430E-2
1.071991154E0	7.529880852E-3	4.545524716E-3	4.021549225E-2	4.116608698E-2
1.081991154E0	-6.806135178E-3	6.912171841E-3	2.106189728E-2	2.318846939E-2
1.091991154E0	-9.401526302E-3	1.609796286E-2	6.655693054E-2	6.911843537E-2
1.101991154E0	9.769927710E-3	-8.275359869E-3	9.103775024E-3	1.571024469E-2
1.111991154E0	-2.377929538E-2	6.229147315E-3	9.050369263E-2	9.378259724E-2
1.121991354E0	2.511747181E-3	1.106041670E-2	7.374477386E-2	7.461188487E-2
1.131991354E0	5.046542734E-3	-1.575559378E-2	6.178188324E-2	6.395863840E-2
1.141991354E0	1.690962538E-2	8.219256997E-3	2.826213837E-2	3.394466204E-2
1.151991354E0	9.749285877E-3	3.509283066E-3	8.572196960E-2	8.634593051E-2
1.161991354E0	4.924550653E-3	5.884930491E-3	9.769344330E-2	9.799434917E-2
1.171991154E0	1.451670378E-2	-5.989551544E-3	4.501914978E-2	4.767948472E-2
1.181991154E0	1.209559292E-2	8.516103029E-3	3.304481506E-2	3.620479501E-2
1.191991154E0	-7.827397436E-3	-1.284390688E-3	5.459308624E-2	5.516632012E-2
1.201991154E0	-8.270408958E-3	1.058991253E-2	8.332347870E-2	8.439992899E-2
1.211991154E0	-1.084011421E-2	-4.086643457E-3	6.656837463E-2	6.756890729E-2
1.221991154E0	1.310949400E-2	-6.386578083E-3	4.262447357E-2	4.504989412E-2
1.231991354E0	5.832899362E-3	5.669325590E-3	5.219936371E-2	5.282932461E-2
1.241991354E0	1.723942533E-2	-8.767694235E-3	7.135105133E-2	7.392592762E-2
1.251991354E0	1.013292745E-2	3.221407533E-3	5.459213257E-2	5.561793437E-2
1.261991354E0	-6.602283567E-3	1.522751153E-2	4.980373383E-2	5.249646806E-2
1.271991354E0	7.777892053E-3	3.352910280E-3	6.656074524E-2	6.709746954E-2
1.281991154E0	-1.781221479E-3	-3.732383251E-3	7.613563538E-2	7.624787478E-2
1.291991154E0	2.974357456E-3	-8.494317532E-3	8.571243286E-2	8.618364914E-2
1.301991154E0	6.108991802E-4	3.513500094E-3	5.219268799E-2	5.231438196E-2
1.311991154E0	7.805541158E-3	-1.247212291E-3	5.458641052E-2	5.515576330E-2
1.321991154E0	-7.049880922E-3	1.077756286E-2	7.373714447E-2	7.485334433E-2
1.331991154E0	-4.709050059E-3	-3.615319729E-3	6.176567078E-2	6.205033260E-2
1.341991154E0	-2.404976636E-3	1.318611205E-2	4.979419708E-2	5.156665130E-2
1.351991154E0	-7.169529796E-3	1.069474220E-2	3.782463074E-2	3.995600529E-2
1.361991154E0	1.673504338E-2	8.325770497E-3	4.021835327E-2	4.434970204E-2
1.371991354E0	1.172553003E-2	5.971476436E-3	1.120424271E-1	1.128124641E-1
1.381991354E0	-6.536766887E-4	1.996964216E-2	8.571052551E-2	8.800856825E-2
1.391991354E0	-1.757171750E-2	-1.635785401E-2	5.938148499E-2	6.405080330E-2
1.401991354E0	-1.031184196E-2	4.199743271E-4	4.022789001E-2	4.153063445E-2
1.411991354E0	-9.826973081E-3	1.202821732E-4	7.375431061E-2	7.440619733E-2
1.421991154E0	-1.709668711E-2	-1.165167987E-2	5.938434601E-2	6.288528369E-2
1.431991154E0	5.054891109E-3	7.773652673E-3	5.220031738E-2	5.301749461E-2
1.441991154E0	-4.622824490E-3	1.253260672E-2	7.853698730E-2	7.966489260E-2
1.451991154E0	1.744427159E-2	7.462635636E-3	6.178474426E-2	6.463240801E-2
1.461991154E0	1.018033922E-2	-7.518962026E-3	7.376670837E-2	7.484451457E-2
1.471991154E0	1.923827641E-2	-2.756953239E-3	4.742813110E-2	5.125563082E-2
1.481991354E0	-3.832355142E-4	-2.896083891E-2	8.333683014E-2	8.822643775E-2
1.491991354E0	-5.141884089E-3	1.894001663E-2	5.700016022E-2	6.028417260E-2
1.501991354E0	-3.176987171E-3	1.202125847E-2	4.981136322E-2	5.133980725E-2
1.511991354E0	-1.038410515E-2	-4.705101252E-3	6.178092957E-2	6.282396736E-2
1.521991354E0	-1.276073605E-2	1.165568829E-4	6.896305084E-2	7.013381746E-2
1.531991154E0	-1.753193513E-2	1.451492310E-2	6.656837463E-2	7.035197398E-2
1.541991154E0	-7.997978479E-3	2.567768097E-3	4.980850220E-2	5.051185983E-2
1.551991354E0	-1.043244079E-2	1.538842916E-4	4.980850220E-2	5.088955091E-2
1.561991354E0	-9.952168912E-3	2.467259765E-3	7.854270935E-2	7.920915496E-2
1.571991354E0	-7.057204843E-3	-1.196894050E-2	7.854652405E-2	7.976600853E-2
1.581991354E0	5.339864641E-3	1.208452880E-2	7.136344910E-2	7.257611079E-2
1.591991354E0	7.705815136E-3	-1.415571570E-2	7.375621796E-2	7.549664603E-2
1.601991354E0	-1.149244979E-2	-1.167429984E-2	4.981231689E-2	5.243693921E-2
1.611991354E0	-4.283923656E-3	-1.882141829E-2	8.333110809E-2	8.553754359E-2
1.621991554E0	-1.543074846E-3	1.538670063E-2	9.768581390E-2	9.890222381E-2
1.631991554E0	7.934279740E-3	8.219361305E-3	6.656074524E-2	6.753401737E-2
1.641991554E0	7.745288312E-4	1.783081889E-2	4.022312164E-2	4.400497145E-2
1.651991554E0	2.015830018E-2	5.449995399E-3	7.135677338E-2	7.434950318E-2
1.661991554E0	2.017486654E-2	1.020319760E-2	4.741477966E-2	5.252896165E-2
1.671991554E0	2.008674853E-2	-4.075378180E-3	6.417274475E-2	6.736636655E-2
1.681991554E0	2.593819052E-3	-9.024426341E-3	2.346992493E-2	2.527855898E-2
1.691991554E0	2.079233527E-3	1.254215837E-2	8.332252502E-2	8.428684432E-2
1.701991554E0	1.089569926E-2	4.187077284E-4	1.048688889E-1	1.054342232E-1
1.711991554E0	-1.635763794E-3	2.742573619E-3	5.937862396E-2	5.946442985E-2
1.721991554E0	-2.117501199E-2	-6.990104914E-3	-2.111654282E-1	2.123395412E-1
1.731991620E0	-1.868708059E-2	9.796589613E-3	5.908908844E-1	5.912674669E-1
1.741991620E0	1.322314143E-2	2.430538833E-2	4.501533508E-2	5.283922562E-2
1.751991620E0	5.818512291E-3	1.228614151E-2	-1.584920883E-1	1.590740281E-1
1.761991620E0	1.077700406E-2	2.838213742E-2	-8.425903320E-2	8.956156663E-2
1.771991820E0	1.035226882E-2	1.809744537E-2	1.599597931E-1	1.613128092E-1
1.781991620E0	-1.983989030E-3	-1.603190601E-2	1.240558624E-1	1.251032183E-1
1.791991620E0	7.325485349E-3	-4.599019885E-3	1.153659821E-2	1.441897422E-2
1.801991620E0	-4.566606134E-3	4.952475429E-3	3.787326813E-2	3.846771819E-2
1.811991620E0	-9.383894503E-3	-2.266407013E-3	1.073064804E-1	1.077398478E-1
1.821991620E0	-6.958507001E-3	2.643722296E-2	8.336448669E-2	8.773246388E-2
1.831991620E0	-6.930377334E-3	-5.135625601E-3	3.070068359E-2	3.188944580E-2
1.841991620E0	-6.682638079E-3	1.602351665E-3	3.310298920E-2	3.380877218E-2
1.851991420E0	1.010815799E-2	1.115246117E-2	7.141113281E-2	7.298014893E-2
1.861991420E0	4.744865000E-4	-6.055906415E-3	6.423664093E-2	6.452321426E-2
1.871991620E0	2.893730998E-3	1.069472730E-2	5.705451965E-2	5.812029838E-2
1.881991620E0	1.249480247E-2	-3.591328859E-3	5.705261230E-2	5.851511175E-2
1.891991620E0	7.200993598E-3	-1.343071461E-2	8.099651337E-2	8.241767760E-2
1.901991620E0	9.128391743E-3	5.855962634E-3	7.141590118E-2	7.223469233E-2
1.911991620E0	-1.238443330E-2	-3.614664078E-3	6.183719635E-2	6.316865391E-2
1.921991420E0	-5.309339613E-3	1.250684261E-3	5.225849152E-2	5.254239463E-2
1.931991420E0	-3.162357211E-2	-1.308004558E-2	5.225753784E-2	6.246589603E-2
1.941991420E0	4.527717829E-5	-3.197148442E-3	5.464935303E-2	5.474281318E-2
1.951991420E0	-1.874976233E-2	1.911491156E-3	5.703926086E-2	6.007232862E-2
1.961991420E0	-1.521494240E-3	-1.948034763E-2	4.267311096E-2	4.693392470E-2
1.971991220E0	6.051354110E-3	-9.458273649E-3	7.858085632E-2	7.937901995E-2
1.981991420E0	1.819370501E-2	-4.271835089E-3	5.463218689E-2	5.774024005E-2
1.991991420E0	8.646164089E-3	-1.841232181E-3	6.420898438E-2	6.481465856E-2
2.001991420E0	-1.064329594E-2	-8.630767465E-3	4.744148254E-2	4.938080762E-2
2.011991420E0	-1.537485048E-2	6.183385849E-3	7.137584686E-2	7.327435979E-2
2.021991420E0	8.524958044E-3	-8.138060570E-3	4.503917694E-2	4.655566989E-2
2.031991553E0	-8.145283908E-3	-8.180350065E-3	5.701065063E-2	5.816767197E-2
2.041991553E0	-1.297589391E-2	-3.348186612E-3	7.376956940E-2	7.497688674E-2
2.051991553E0	-1.534373686E-2	-3.312468529E-3	7.376956940E-2	7.542116465E-2
2.061991553E0	-2.212018892E-2	1.385703683E-2	4.503345490E-2	5.205124674E-2
2.071991353E0	-2.369750291E-3	1.633997262E-2	1.336193085E-1	1.346355452E-1
2.081991353E0	1.673892513E-2	-9.953185916E-3	7.376384735E-2	7.629130160E-2
2.091991353E0	1.423444971E-2	-1.710361242E-2	3.545570374E-2	4.186000530E-2
2.101991353E0	-7.342010736E-3	-9.957149625E-3	4.742717743E-2	4.901415213E-2
2.111991353E0	-4.767518491E-3	-1.163840294E-2	7.135772705E-2	7.245762117E-2
2.121991553E0	-1.677560061E-2	1.472300291E-2	5.938625336E-2	6.344221527E-2
2.131991553E0	-4.851631820E-3	3.870761395E-2	6.896209717E-2	7.923123471E-2
2.141991553E0	3.706067801E-4	1.204463840E-2	4.023933411E-2	4.200493629E-2
2.151991553E0	-1.750852913E-3	-5.036070943E-3	-2.918624878E-2	2.966925369E-2
2.161991553E0	-8.921060711E-3	-7.290557027E-3	6.179141998E-2	6.285632132E-2
2.171991353E0	1.726146787E-2	-3.106898069E-2	1.288251877E-1	1.336382012E-1
2.181991353E0	1.728198305E-2	2.163746953E-2	6.896972656E-2	7.432139805E-2
2.191991353E0	2.149488777E-2	4.955649376E-3	6.716728210E-3	2.305868814E-2
2.201991353E0	8.634064347E-3	-1.663362980E-2	1.389598846E-2	2.333073515E-2
2.211992186E0	-1.622924209E-2	-4.021376371E-2	9.049892426E-2	1.003523312E-1
2.221992186E0	-1.398502290E-2	-2.539542317E-2	9.527873993E-2	9.959190061E-2
2.231992386E0	-6.675038487E-3	-3.117918968E-3	6.893062592E-2	6.932321939E-2
2.241992386E0	-1.593246311E-2	1.207655668E-2	4.976463318E-2	5.363026494E-2
2.251992386E0	-1.788947359E-2	1.737998426E-2	9.764194489E-2	1.007772123E-1
2.261992386E0	-2.700137347E-2	1.977251470E-2	1.048259735E-1	1.100386806E-1
2.271992586E0	-2.287652344E-3	2.884417772E-3	5.694770813E-2	5.706658112E-2
2.281992386E0	3.365075216E-2	-9.051218629E-3	4.018878937E-2	5.319244749E-2
2.291992386E0	1.200743392E-2	-1.896351576E-3	5.694770813E-2	5.823071423E-2
2.301992386E0	9.516417980E-3	2.201764286E-2	9.286117554E-2	9.590900234E-2
2.311992386E0	-2.446165308E-2	4.820942879E-3	7.371234894E-2	7.781467951E-2
2.321992386E0	4.583247006E-3	9.131804109E-3	7.372188568E-2	7.442655727E-2
2.331992186E0	-2.634722739E-3	-2.857357264E-3	7.132720947E-2	7.143302503E-2
2.341992186E0	-2.753250301E-4	-1.245225966E-2	8.569240570E-2	8.659285750E-2
2.351992186E0	-1.427780464E-2	-4.904314876E-3	6.892967224E-2	7.056350137E-2
2.361992186E0	7.344927639E-3	-1.422613859E-4	5.217075348E-2	5.268544124E-2
2.371992386E0	1.203392819E-2	4.661470652E-3	8.090019226E-2	8.192304831E-2
2.381992386E0	-4.763569683E-3	2.140183747E-2	6.174755096E-2	6.552473039E-2
2.391992386E0	-9.574972093E-3	2.819746733E-2	8.569622040E-2	9.072276145E-2
2.401992386E0	9.483534843E-3	1.141040027E-2	5.457115173E-2	5.655214646E-2
2.411992386E0	7.051236928E-3	1.990839839E-3	4.738521576E-2	4.794832696E-2
2.421992186E0	-1.706811041E-2	-9.592622519E-4	7.133674622E-2	7.335647168E-2
2.431991752E0	-7.517747581E-3	-5.651175976E-3	5.936431885E-2	6.010469758E-2
2.441991752E0	-3.254562616E-4	1.592336595E-2	4.260349274E-2	4.548315181E-2
2.451991752E0	1.425044984E-2	1.543581486E-2	7.613182068E-2	7.897717278E-2
2.461991752E0	-1.700965315E-2	1.463593543E-2	9.051036835E-2	9.325055327E-2
2.471991752E0	1.336261630E-5	9.166985750E-3	5.221652985E-2	5.301509026E-2
2.481991952E0	2.254508436E-4	-8.343771100E-3	6.659698486E-2	6.711801351E-2
2.491991952E0	-6.785631180E-3	-1.829525828E-2	5.942153931E-2	6.254342971E-2
2.501991952E0	-8.729588240E-3	5.925282836E-3	3.787040710E-2	3.931262420E-2
2.511991118E0	-1.585021615E-3	2.270969748E-2	5.462932587E-2	5.918281759E-2
2.521991118E0	5.557775497E-3	3.231097758E-2	5.702304840E-2	6.577625855E-2
2.531990918E0	8.010067046E-3	4.666298628E-4	9.294891357E-2	9.329458426E-2
2.541990918E0	7.597431540E-4	-2.386327088E-2	5.704212189E-2	6.183717794E-2
2.551990918E0	-2.323122695E-2	-2.138310671E-2	6.901264191E-2	7.589250227E-2
2.561990918E0	1.067261025E-2	5.264744163E-3	7.858562469E-2	7.948158623E-2
2.571990718E0	9.863972664E-4	-1.381242275E-2	6.182289124E-2	6.335476211E-2
2.581990718E0	-1.573991030E-2	7.708847523E-3	5.943012238E-2	6.196055642E-2
2.591990718E0	-1.537826657E-2	1.046794653E-2	4.984951019E-2	5.320754320E-2
2.601990718E0	3.853507340E-3	-6.316870451E-3	7.857990265E-2	7.892752037E-2
2.611990718E0	-2.858273685E-3	-2.287593484E-2	5.463695526E-2	5.930155987E-2
2.621990918E0	2.184167504E-3	-8.862316608E-4	6.181240082E-2	6.185732688E-2
2.631990918E0	-2.660561353E-3	6.268069148E-3	7.138919830E-2	7.171321295E-2
2.641990918E0	6.948623806E-3	4.023194313E-3	5.941677094E-2	5.995683559E-2
2.651990918E0	2.175521106E-3	1.725509763E-3	6.180858612E-2	6.187092689E-2
2.661990918E0	-2.609938383E-4	4.031494260E-3	4.505062103E-2	4.523139970E-2
2.671990718E0	-7.468871772E-3	-1.502545178E-2	6.180858612E-2	6.404568342E-2
2.681990718E0	-2.733536065E-3	-1.740290225E-2	7.617282867E-2	7.818332977E-2
2.691990718E0	-7.398732007E-3	1.677608490E-2	5.700778961E-2	5.988377356E-2
2.701990718E0	-1.224059984E-2	9.698137641E-3	6.897735596E-2	7.072313478E-2
2.711990718E0	4.428226501E-3	9.784057736E-3	6.897544861E-2	6.980651464E-2
2.721990718E0	-2.828910947E-4	7.408156991E-3	6.658172607E-2	6.699318670E-2
2.731991351E0	2.205137163E-3	-1.415662467E-2	4.742813110E-2	4.954493185E-2
2.741991351E0	-1.258030534E-4	-4.545316100E-3	6.418800354E-2	6.434885798E-2
2.751991551E0	-5.001310259E-3	9.842708707E-3	4.263877869E-2	4.404494826E-2
2.761991551E0	4.525363445E-3	-2.086758614E-3	4.263782501E-2	4.292805141E-2
2.771991551E0	1.886051148E-2	2.706050873E-4	6.897449493E-2	7.150715399E-2
2.781991351E0	-9.916350245E-3	1.228429377E-2	4.503250122E-2	4.771964000E-2
2.791991351E0	-1.714200154E-2	1.237198710E-2	4.981899261E-2	5.411881657E-2
2.801991351E0	-1.445793733E-2	-4.812136292E-3	6.898117065E-2	7.064411166E-2
2.811991351E0	-4.412882030E-3	4.675969481E-3	6.180191040E-2	6.213545162E-2
2.821991351E0	4.028454423E-4	-2.470761538E-3	8.095550537E-2	8.099420224E-2
2.831991351E0	-6.295464933E-3	6.893679500E-3	5.941486359E-2	6.014384184E-2
2.841991351E0	-3.445826471E-3	-2.931892872E-3	5.942058563E-2	5.959258102E-2
2.851991351E0	1.099598035E-2	1.140743494E-2	7.378768921E-2	7.546962458E-2
2.861991351E0	-3.278207034E-3	-5.372315645E-4	6.660366058E-2	6.668645186E-2
2.871991584E0	-1.503854617E-2	1.393318176E-3	4.985427856E-2	5.209172965E-2
2.881991584E0	-3.097545356E-3	-1.081660390E-3	7.619094849E-2	7.626155917E-2
2.891991584E0	8.888598531E-3	8.459389210E-3	9.295177460E-2	9.375820418E-2
2.901991584E0	-6.651580334E-4	6.099909544E-3	6.661510468E-2	6.689711132E-2
2.911991584E0	6.602831185E-3	1.400157809E-3	5.943107605E-2	5.981313085E-2
2.921991384E0	-3.194022924E-3	-1.343291998E-2	4.986190796E-2	5.173833189E-2
2.931991384E0	1.618422568E-3	-2.058045566E-2	5.704307556E-2	6.066371993E-2
2.941991384E0	-5.590897053E-3	8.874088526E-4	7.140922546E-2	7.163325419E-2
2.951991384E0	-2.005479857E-2	-1.491248608E-3	8.816909790E-2	9.043344842E-2
2.961991384E0	-5.341731012E-4	-1.101121306E-3	6.901073456E-2	6.902158571E-2
2.971991384E0	9.394828230E-3	6.463572383E-3	6.182289124E-2	6.286581302E-2
2.981991450E0	2.235852182E-3	1.128675044E-2	7.858181000E-2	7.941971187E-2
2.991991450E0	7.039397955E-3	-7.200092077E-4	4.985141754E-2	5.035112082E-2
3.001991450E0	-9.819407016E-3	4.171878099E-3	5.942630768E-2	6.037641398E-2
3.011991450E0	-5.063891411E-3	-1.244896650E-2	4.745197296E-2	4.931844991E-2
3.021991450E0	-3.134459257E-4	4.291340709E-3	4.984760284E-2	5.003296276E-2
3.031991250E0	4.419811070E-3	-7.707685232E-3	6.181812286E-2	6.245337025E-2
3.041991250E0	-5.194198340E-3	2.583651245E-2	5.942344666E-2	6.500500815E-2
3.051991050E0	1.398305222E-2	1.868864894E-2	4.984664917E-2	5.504071023E-2
3.061991050E0	-5.145546049E-3	4.358693957E-3	5.702781677E-2	5.742514034E-2
3.071991050E0	2.109948918E-2	-5.772799253E-3	5.943202972E-2	6.332992825E-2
3.081991050E0	6.757818162E-3	1.824790239E-2	6.661224365E-2	6.939628990E-2
3.091991250E0	-3.129173070E-3	-6.031751633E-3	7.140541077E-2	7.172800317E-2
3.101991250E0	-1.186598092E-3	3.266513348E-3	6.422519684E-2	6.431915759E-2
3.111991250E0	1.280772313E-2	-1.157803833E-2	6.662559509E-2	6.882629341E-2
3.121991450E0	9.222030640E-4	7.620275021E-3	5.704879761E-2	5.756287309E-2
3.131991450E0	1.000462100E-2	5.147472024E-3	7.141304016E-2	7.229392239E-2
3.141991450E0	-1.198317111E-2	-2.130255103E-3	6.183528900E-2	6.302172120E-2
3.151991450E0	-1.202972978E-2	7.401078939E-3	5.465412140E-2	5.644965327E-2
3.161991450E0	7.033973932E-3	5.049020052E-3	4.986476898E-2	5.061091363E-2
3.171991216E0	2.259317786E-3	-1.414059103E-2	5.225849152E-2	5.418496809E-2
3.181991216E0	-2.566654235E-3	-9.370982647E-3	3.549957275E-2	3.680519930E-2
3.191991216E0	7.087823004E-3	-2.170041203E-3	5.225944519E-2	5.278253428E-2
3.201991249E0	1.168301702E-2	-1.717343926E-3	5.943393707E-2	6.059566843E-2
3.211991249E0	-6.620213389E-4	2.978758514E-2	6.421279907E-2	7.078857299E-2
3.221991249E0	-3.089871258E-3	1.301042736E-2	4.506015778E-2	4.700251422E-2
3.231991449E0	-3.198195249E-3	6.520450115E-4	4.985427856E-2	4.996101187E-2
3.241991449E0	-1.035442203E-2	5.475968122E-3	5.943012238E-2	6.057342427E-2
3.251991449E0	-1.990543306E-2	-4.065349698E-3	6.421852112E-2	6.735556241E-2
3.261991449E0	-1.043222100E-2	5.545660853E-3	6.182193756E-2	6.294074637E-2
3.271991449E0	1.559365541E-3	7.905617356E-3	4.506397247E-2	4.577872892E-2
3.281991382E0	3.917921335E-3	1.032565534E-2	4.745769501E-2	4.872578456E-2
3.291991382E0	1.823864505E-2	5.580455065E-3	5.942821503E-2	6.241395992E-2
3.301991382E0	1.341143250E-2	-6.365731359E-3	7.139778137E-2	7.292483968E-2
3.311990948E0	7.993482053E-3	7.497608662E-3	6.900978088E-2	6.987460017E-2
3.321990948E0	-1.159602031E-2	-7.225424051E-3	6.901359558E-2	7.035304410E-2
3.331990948E0	-1.394962147E-2	4.503130913E-5	7.619476318E-2	7.746118966E-2
3.341990948E0	-3.315430507E-2	4.806667566E-3	4.985904694E-2	6.006859878E-2
3.351990948E0	-3.237813339E-2	4.678264260E-3	4.986572266E-2	5.963908093E-2
3.361990948E0	1.650884748E-3	2.283200622E-3	4.747295380E-2	4.755649028E-2
3.371991148E0	-1.466841996E-2	-1.451350749E-2	7.141780853E-2	7.433914056E-2
3.381991148E0	1.692574471E-2	-9.481415153E-3	5.465793610E-2	5.799886245E-2
3.391990948E0	-6.938602775E-3	-4.674673080E-3	7.620525360E-2	7.666314273E-2
3.401990948E0	7.449869066E-3	-2.245619893E-3	4.268550873E-2	4.338889274E-2
3.411990948E0	1.447081938E-2	-4.546478391E-3	5.704879761E-2	5.903084268E-2
3.421990948E0	7.586181164E-5	-2.188980579E-3	4.747200012E-2	4.752250190E-2
3.431990948E0	-2.367142588E-3	-4.541158676E-3	6.183624268E-2	6.204793626E-2
3.441990948E0	-1.191280037E-2	-9.356513619E-3	3.071308136E-2	3.424547454E-2
3.451990948E0	-9.497385472E-3	-2.124947309E-2	4.268169403E-2	4.861550620E-2
3.461990948E0	-2.152275294E-3	-1.436561346E-3	5.464267731E-2	5.470391376E-2
3.471990948E0	7.608346641E-3	1.494929194E-3	5.702781677E-2	5.755252938E-2
3.481991148E0	-6.699360907E-3	9.458824992E-3	6.180286407E-2	6.288040088E-2
3.491991148E0	7.691834122E-3	2.146524191E-2	7.137870789E-2	7.493224180E-2
3.501991114E0	2.196232788E-2	-4.898220301E-3	6.898498535E-2	7.256214311E-2
3.511991114E0	6.975594908E-3	-4.933342338E-3	6.898212433E-2	6.950920995E-2
3.521991114E0	-2.574499696E-3	-1.921880245E-2	6.658649445E-2	6.935237313E-2
3.531990480E0	1.420123503E-2	9.608298540E-3	5.700874329E-2	5.953143109E-2
3.541990480E0	8.976683021E-3	1.459121704E-2	4.503250122E-2	4.818101928E-2
3.551990480E0	-1.062161475E-2	2.890412509E-2	6.178951263E-2	6.903775068E-2
3.561990480E0	5.866654217E-3	9.280279279E-3	6.658458710E-2	6.748369028E-2
3.571990480E0	-1.832640916E-2	1.356388628E-2	5.222797394E-2	5.698769644E-2
3.581990480E0	-1.603352278E-2	6.352290511E-3	5.701541901E-2	5.956663036E-2
3.591990480E0	-3.500510007E-3	-1.598618925E-2	6.900405884E-2	7.091806507E-2
3.601990480E0	-5.926150829E-3	-1.481860876E-3	5.942440033E-2	5.973754707E-2
3.611990913E0	-1.071226969E-2	2.248471975E-2	6.660652161E-2	7.111078726E-2
3.621991113E0	-8.041374385E-4	6.241053343E-4	5.943107605E-2	5.943979261E-2
3.631991113E0	-7.664673030E-3	3.287643194E-4	7.859230042E-2	7.896584694E-2
3.641991313E0	-1.583360136E-4	2.560079098E-3	3.550148010E-2	3.559401867E-2
3.651991313E0	-1.450875774E-2	-9.314671159E-3	5.704689026E-2	5.959542632E-2
3.661991313E0	-6.835516542E-3	-1.894618571E-2	6.183815002E-2	6.503567512E-2
3.671991113E0	-1.404679194E-2	5.091592669E-3	7.380867004E-2	7.530575312E-2
3.681991113E0	5.721099675E-3	7.738739252E-3	5.465316772E-2	5.549403399E-2
3.691991113E0	1.297753304E-2	1.010620594E-2	5.704784393E-2	5.937178000E-2
3.701991113E0	1.035548747E-3	-1.716494560E-3	4.507541656E-2	4.511997222E-2
3.711991113E0	-8.580222726E-3	-6.480067968E-3	5.465126038E-2	5.569893862E-2
3.721990913E0	-3.823209554E-3	-1.356768608E-2	7.140827179E-2	7.278626462E-2
3.731991113E0	2.007661015E-2	-2.059437335E-2	7.140445709E-2	7.697918538E-2
3.741991113E0	1.036589220E-2	-3.241240978E-3	6.421184540E-2	6.512387008E-2
3.751991113E0	7.990900427E-3	-1.278446615E-2	7.378768921E-2	7.531215136E-2
3.761991113E0	2.819783986E-3	-1.272261143E-4	5.461978912E-2	5.469267531E-2
3.771991113E0	5.165793002E-3	-4.118680954E-5	7.137775421E-2	7.156445284E-2
3.781990913E0	-1.882474497E-2	2.873143554E-2	6.658840179E-2	7.492584110E-2
3.791990913E0	-6.943251938E-3	1.445244253E-2	5.461597443E-2	5.692087934E-2
3.801990913E0	-1.161275804E-2	9.218052030E-3	6.898880005E-2	7.056403592E-2
3.811990913E0	1.265544072E-2	-7.851570845E-4	5.942249298E-2	6.076026106E-2
3.821990913E0	-1.366025582E-2	1.365786791E-2	8.336257935E-2	8.557137126E-2
3.831991346E0	-1.669079065E-3	1.608584821E-2	5.463123322E-2	5.697466086E-2
3.841991346E0	1.521503180E-2	-1.093924046E-3	5.703353882E-2	5.903827922E-2
3.851991346E0	-1.589994878E-3	2.767942846E-2	7.618618011E-2	8.107411969E-2
3.861991346E0	3.050312400E-3	7.786825299E-3	3.789138794E-2	3.880330313E-2
3.871991546E0	5.470551550E-4	-9.404078126E-3	6.662845612E-2	6.729106270E-2
3.881991546E0	2.850759774E-3	-2.054870129E-4	7.381820679E-2	7.387351832E-2
3.891991546E0	-4.368249327E-3	-5.012348294E-3	6.424140930E-2	6.458454851E-2
3.901991546E0	-1.886391267E-2	-1.263670623E-2	5.706501007E-2	6.141619428E-2
3.911991546E0	-1.603918150E-2	4.434555769E-3	5.227375031E-2	5.485859640E-2
3.921991346E0	1.154806465E-3	2.045288682E-3	5.467033386E-2	5.472076560E-2
3.931991346E0	3.573257476E-3	1.879557967E-2	7.142925262E-2	7.394714406E-2
3.941991146E0	8.326224983E-3	-3.322213888E-4	6.903553009E-2	6.953661488E-2
3.951991146E0	5.991701037E-3	1.562982798E-3	4.989147186E-2	5.027427136E-2
3.961991146E0	-1.081136242E-2	1.362152398E-2	6.425476074E-2	6.656655129E-2
3.971991346E0	3.572650254E-3	6.404340267E-3	8.340930939E-2	8.373107127E-2
3.981991546E0	2.274405397E-2	1.607827842E-2	6.425285339E-2	7.003022346E-2
3.991991546E0	6.013222039E-3	-1.261591911E-2	4.031085968E-2	4.266480590E-2
4.001991546E0	-3.606837243E-3	1.141376793E-2	4.988574982E-2	5.130176808E-2
4.011991546E0	8.392538875E-3	1.873046160E-3	7.861614227E-2	7.908502283E-2
4.021991546E0	-1.363079995E-2	1.516327262E-3	5.707073212E-2	5.869554003E-2
4.031991546E0	3.176073730E-2	-5.694612861E-3	6.425476074E-2	7.190165038E-2
4.041991546E0	7.203850895E-3	8.529871702E-3	5.707073212E-2	5.815258071E-2
4.051991546E0	2.093916200E-2	-2.527017891E-2	6.904411316E-2	7.644684434E-2
4.061991546E0	3.622878343E-3	1.330092549E-3	5.227661133E-2	5.241887528E-2
4.071991546E0	-1.121420041E-2	6.383195519E-3	5.226898193E-2	5.383818299E-2
4.081991546E0	-4.429269582E-3	-1.025055349E-2	7.141876221E-2	7.228645704E-2
4.091991746E0	2.662457526E-3	-2.981960773E-3	3.550434113E-2	3.572868608E-2
4.101991746E0	-1.191077381E-2	-2.625599504E-3	6.183338165E-2	6.302481569E-2
4.111991746E0	-7.042910904E-3	-2.402248979E-2	6.661891937E-2	7.116714852E-2
4.121991946E0	-4.479601979E-3	-8.996576071E-3	5.942630768E-2	6.027015231E-2
4.131991946E0	3.744512796E-4	-1.091551781E-2	8.096504211E-2	8.169838914E-2
4.141991946E0	2.838287503E-3	-6.625205278E-4	6.180000305E-2	6.186869311E-2
4.151991946E0	1.015187427E-2	-4.897028208E-3	4.742527008E-2	4.874625810E-2
4.161991946E0	-1.792691648E-3	-7.294118404E-5	5.700206757E-2	5.703029695E-2
4.171991746E0	-1.810282469E-3	4.702508450E-4	5.699253082E-2	5.702321306E-2
4.181991746E0	5.909129977E-4	-8.948475122E-3	4.023075104E-2	4.121817214E-2
4.191991746E0	-4.227053374E-3	-4.064485431E-3	1.000833511E-1	1.002550009E-1
4.201991746E0	3.987476230E-4	6.852149963E-4	1.048717499E-1	1.048747464E-1
4.211991746E0	-1.628147438E-2	1.748746634E-2	4.741001129E-2	5.309055526E-2
4.221991746E0	-1.865779608E-2	7.987841964E-3	5.459213257E-2	5.824276704E-2
4.231991946E0	-8.323885500E-3	-1.615554094E-3	6.896209717E-2	6.948142148E-2
4.241991946E0	-1.026127860E-2	-1.119722426E-2	7.854080200E-2	7.999580769E-2
4.251991946E0	1.185474917E-2	9.810477495E-4	6.178092957E-2	6.291566411E-2
4.261991946E0	-1.408983395E-2	3.579571843E-3	7.135581970E-2	7.282162976E-2
4.271991746E0	-8.860696107E-3	6.116390228E-3	5.698966980E-2	5.799779848E-2
4.281991546E0	-6.517488509E-3	2.291704714E-2	5.220031738E-2	5.738067481E-2
4.291991546E0	1.317099482E-2	3.400728106E-3	6.418132782E-2	6.560703390E-2
4.301991546E0	-1.224491745E-3	-1.565751433E-2	4.263114929E-2	4.543205944E-2
4.311991546E0	1.062050462E-3	-1.788662374E-2	5.220508575E-2	5.519447652E-2
4.321991546E0	5.804289132E-3	1.571899652E-2	6.656837463E-2	6.864492061E-2
4.331991346E0	-1.405522227E-3	2.299785614E-2	6.177806854E-2	6.593486659E-2
4.341991346E0	-6.229557097E-3	1.475706697E-3	5.938339233E-2	5.972748427E-2
4.351991346E0	-1.106313989E-2	1.562878489E-3	6.895828247E-2	6.985757206E-2
4.361991346E0	9.936019778E-4	-7.428526878E-4	7.135105133E-2	7.136183575E-2
4.371991546E0	5.737226456E-3	8.877307177E-3	6.895637512E-2	6.976176618E-2
4.381991546E0	3.429163247E-3	1.783251762E-3	6.895542145E-2	6.906366117E-2
4.391991346E0	1.114238054E-3	1.802101731E-3	4.980182648E-2	4.984687570E-2
4.401991346E0	1.070902497E-2	1.387022436E-2	6.416511536E-2	6.651487329E-2
4.411991346E0	-1.304876059E-3	-2.801373601E-3	7.613372803E-2	7.619642340E-2
4.421991146E0	-1.347392797E-3	-5.151778460E-3	6.176853180E-2	6.199764358E-2
4.431991146E0	-3.710150719E-3	1.936003566E-3	7.134723663E-2	7.146986430E-2
4.441991146E0	-6.028320640E-3	1.155072451E-2	7.134628296E-2	7.252621580E-2
4.451991346E0	5.962397903E-3	6.727874279E-3	6.655883789E-2	6.716318473E-2
4.461991346E0	-1.200847328E-3	4.299297929E-3	6.416511536E-2	6.432019920E-2
4.471991346E0	1.557659730E-2	2.816252410E-2	6.177234650E-2	6.965329094E-2
4.481991546E0	8.196055889E-3	6.093561649E-3	6.656932831E-2	6.734821673E-2
4.491991546E0	7.628493011E-3	-6.612494588E-3	4.981994629E-2	5.083252933E-2
4.501991546E0	2.521902323E-3	1.625418663E-4	6.419086456E-2	6.424059079E-2
4.511991546E0	2.548351884E-3	2.592399716E-3	6.179523468E-2	6.190206509E-2
4.521991546E0	9.229946882E-3	-1.699717343E-2	5.940723419E-2	6.247651798E-2
4.531991346E0	-7.633406669E-3	4.584908485E-3	6.898212433E-2	6.955446614E-2
4.541991346E0	1.154779643E-2	2.377451956E-2	5.222225189E-2	5.852984688E-2
4.551991346E0	-3.330357373E-3	-9.987726808E-3	5.461883545E-2	5.562430362E-2
4.561991346E0	-9.792372584E-4	-1.468849182E-2	6.658744812E-2	6.819530002E-2
4.571991346E0	-3.345832229E-3	-2.872943878E-4	5.700969696E-2	5.710851669E-2
4.581991346E0	-9.247958660E-4	9.325295687E-3	6.419277191E-2	6.487317129E-2
4.591991346E0	-9.054541588E-4	-2.860724926E-4	7.376956940E-2	7.377568064E-2
4.601991346E0	1.103090122E-2	9.316787124E-3	7.616329193E-2	7.751987063E-2
4.611991346E0	6.191987544E-3	1.647292078E-2	4.982757568E-2	5.284396964E-2
4.621991546E0	-1.343186945E-3	1.638278365E-3	6.180477142E-2	6.184106951E-2
4.631991212E0	-1.131642237E-2	8.438885212E-3	5.941581726E-2	6.106975962E-2
4.644717421E0	-6.517242640E-3	-1.312580705E-2	6.899261475E-2	7.053185204E-2
4.654717421E0	-8.874621242E-3	-5.968585610E-3	4.265594482E-2	4.397627253E-2
4.664717421E0	-1.734502614E-3	2.032341063E-2	5.702304840E-2	6.056135375E-2
4.674717221E0	-1.375759766E-2	1.564005017E-2	4.265499115E-2	4.746926303E-2
4.684717221E0	5.707290024E-3	1.059289277E-2	7.857513428E-2	7.949109550E-2
4.694717221E0	3.531221300E-3	-1.839652658E-3	4.267120361E-2	4.285656850E-2
4.704717221E0	1.094096154E-2	-1.668381691E-2	4.268074036E-2	4.711369210E-2
4.714717221E0	8.626244962E-3	9.439885616E-5	3.310394287E-2	3.420953152E-2
4.724717221E0	2.253434062E-2	2.180302143E-2	5.464744568E-2	6.300405995E-2
4.734717421E0	7.733762264E-3	1.621097326E-4	5.943393707E-2	5.993521698E-2
4.744717421E0	-1.677456871E-2	1.669475436E-2	6.422424316E-2	6.844599615E-2
4.754717221E0	-9.582169354E-3	-7.220357656E-3	6.901264191E-2	7.004781422E-2
4.764717221E0	-2.381540835E-3	1.203048229E-2	6.901073456E-2	7.009198046E-2
4.774717221E0	-1.670281962E-2	-1.241917908E-2	6.902027130E-2	7.209034639E-2
4.784717021E0	-1.673588157E-2	-1.243667305E-2	4.986667633E-2	5.405040219E-2
4.794717021E0	9.434707463E-3	-1.241235435E-2	7.141208649E-2	7.309422920E-2
4.804717021E0	-1.883532479E-2	2.389326692E-3	7.140636444E-2	7.388739557E-2
4.814717021E0	7.895134389E-3	9.753197432E-3	6.182956696E-2	6.309004166E-2
4.824717021E0	1.029853523E-2	-6.979554892E-3	5.464553833E-2	5.604381209E-2
4.834717021E0	-1.716740429E-3	-6.892248988E-3	4.985618591E-2	5.035960254E-2
4.844717021E0	5.493484437E-3	-4.462063313E-3	6.422138214E-2	6.461017183E-2
4.854717021E0	-8.946616203E-3	1.034975052E-2	8.336544037E-2	8.448050618E-2
4.864717021E0	-8.989714086E-3	1.043736935E-2	5.223941803E-2	5.402509078E-2
4.874717221E0	-3.001676500E-2	-4.034265876E-3	6.660842896E-2	7.317078850E-2
4.884717221E0	-1.270392165E-2	-6.385385990E-3	4.745674133E-2	4.954094344E-2
4.894717221E0	-2.653017640E-3	-8.711457253E-3	5.464172363E-2	5.539536038E-2
4.904717221E0	-2.379816771E-2	8.211761713E-3	9.055328369E-2	9.398767474E-2
4.914717221E0	-8.459046483E-3	5.901485682E-3	9.534549713E-2	9.590175610E-2
4.924717021E0	1.604575664E-2	1.550388336E-2	5.704116821E-2	6.124974756E-2
4.934717354E0	1.513127238E-3	-8.282050490E-3	7.379627228E-2	7.427497369E-2
4.944717354E0	1.619505137E-2	3.764003515E-3	6.182575226E-2	6.402242618E-2
4.954717354E0	8.958958089E-3	-5.664110184E-3	6.182289124E-2	6.272491495E-2
4.964717354E0	4.074018449E-3	6.411314011E-3	5.224323273E-2	5.279259360E-2
4.974717354E0	1.076702774E-2	-5.592405796E-3	6.900215149E-2	7.006069368E-2
4.984717554E0	-6.070334464E-3	-1.993210614E-2	2.590465546E-2	3.324438283E-2
4.994717754E0	-3.719415516E-3	-6.908178329E-4	9.294128418E-2	9.301824330E-2
5.004717754E0	-2.052193880E-2	1.132373512E-2	7.857418060E-2	8.199560236E-2
5.014717754E0	-1.110295206E-2	9.024307132E-3	7.617759705E-2	7.750961202E-2
5.024717754E0	-2.065336704E-2	-5.261257291E-3	6.899452209E-2	7.221140130E-2
5.034717554E0	6.164778024E-3	-9.911015630E-3	2.829265594E-2	3.060567103E-2
5.044717554E0	1.852755249E-2	2.372682095E-3	6.180763245E-2	6.456843850E-2
5.054717554E0	-1.748943329E-2	4.801109433E-3	5.941295624E-2	6.211948404E-2
5.064717554E0	-3.104861826E-3	1.194913685E-2	7.617187500E-2	7.716590296E-2
5.074717554E0	-7.859043777E-3	4.916638136E-3	4.504585266E-2	4.598985477E-2
5.084717554E0	1.848632470E-2	-2.239480615E-3	5.941104889E-2	6.226100067E-2
5.094717554E0	4.077855498E-3	9.775251150E-3	5.222702026E-2	5.329020629E-2
5.104717554E0	-3.148481250E-3	-6.896734238E-3	4.504299164E-2	4.567656919E-2
5.114717554E0	-1.275274903E-2	-1.637747884E-2	6.658840179E-2	6.974861772E-2
5.124717754E0	1.119843870E-2	-1.395663619E-2	4.982852936E-2	5.294407484E-2
5.134717754E0	1.368215680E-2	5.110755563E-3	9.292602539E-2	9.406682429E-2
5.144717754E0	1.125386730E-2	9.925469756E-3	2.349376678E-2	2.787690006E-2
5.154717754E0	5.885150284E-3	1.724921167E-2	5.940151215E-2	6.213461147E-2
5.164717754E0	1.507147774E-2	-6.873056293E-3	1.001033783E-1	1.014646475E-1
5.174717554E0	7.854759693E-3	-6.846919656E-3	4.503726959E-2	4.622697493E-2
5.184717554E0	1.686867699E-2	5.301088095E-4	4.981899261E-2	5.260005042E-2
5.194717554E0	-2.793610096E-3	-4.168584943E-3	5.460357666E-2	5.483367525E-2
5.204717554E0	-5.742304027E-3	7.979005575E-3	5.699062347E-2	5.783225527E-2
5.214717554E0	6.238900125E-3	-4.008919001E-3	6.177997589E-2	6.222347409E-2
5.224717554E0	-8.152060211E-3	-3.912493587E-3	6.177806854E-2	6.243631511E-2
5.234717754E0	1.096004993E-2	-6.350576878E-3	4.262447357E-2	4.446682211E-2
5.244717754E0	-1.541887224E-2	-3.912568092E-3	6.417274475E-2	6.611498301E-2
5.254717754E0	-2.018029988E-2	8.094206452E-3	8.332443237E-2	8.611458478E-2
5.264717754E0	-1.007296145E-3	2.242502570E-2	6.177711487E-2	6.572905252E-2
5.274717754E0	8.649352938E-3	1.765555143E-2	6.896114349E-2	7.170891935E-2
5.284717554E0	1.424305141E-3	7.990434766E-3	5.938529968E-2	5.993737992E-2
5.294717354E0	3.845687956E-3	1.281473041E-2	8.572006226E-2	8.675791436E-2
5.304717354E0	-8.219517767E-3	2.526387572E-3	6.418514252E-2	6.475859500E-2
5.314717354E0	-1.777103543E-2	2.097457647E-3	7.376956940E-2	7.590888221E-2
5.324717354E0	-5.435321480E-3	-5.404382944E-3	8.095932007E-2	8.132134763E-2
5.334717354E0	-1.955628395E-4	-1.281735301E-2	4.744720459E-2	4.914834693E-2
5.344717354E0	-5.088917911E-3	1.594690979E-2	6.420516968E-2	6.635137399E-2
5.354717354E0	-2.909190953E-4	8.791252971E-3	4.265689850E-2	4.355435400E-2
5.364717354E0	9.571209550E-3	3.796681762E-3	6.181526184E-2	6.266697249E-2
5.374717554E0	-2.218104899E-3	-6.172105670E-3	5.224609375E-2	5.265614105E-2
5.384717554E0	1.334100962E-4	3.448501229E-3	4.985141754E-2	4.997072933E-2
5.394717554E0	-6.976477802E-3	3.353521228E-3	6.182479858E-2	6.230748805E-2
5.404717554E0	4.961427301E-3	2.253356576E-2	6.182289124E-2	6.598823552E-2
5.414717554E0	2.795495093E-4	7.494673133E-3	6.423091888E-2	6.466729633E-2
5.424717354E0	2.700366080E-3	5.136147141E-3	5.704689026E-2	5.734125629E-2
5.434717354E0	-1.164564863E-2	-9.263589978E-3	5.704784393E-2	5.895669367E-2
5.444717354E0	-1.141234115E-2	1.444537938E-2	6.902503967E-2	7.143785143E-2
5.454717354E0	5.259353667E-3	-9.453773499E-3	6.662845612E-2	6.750100591E-2
5.464717354E0	-3.873277456E-3	2.216756344E-3	6.424331665E-2	6.439813678E-2
5.474717354E0	3.214396536E-3	1.420450211E-2	5.466556549E-2	5.657229247E-2
5.484717554E0	8.549727499E-4	2.339556813E-3	5.705738068E-2	5.711172554E-2
5.494717554E0	9.354352951E-4	-2.429619431E-3	6.184577942E-2	6.190055348E-2
5.504717554E0	3.286346793E-3	8.136034012E-6	5.466270447E-2	5.476140430E-2
5.514717554E0	-1.346330345E-2	-7.147759199E-3	6.184482574E-2	6.369563150E-2
5.524717554E0	9.379573166E-4	7.191911340E-3	5.226802826E-2	5.276883674E-2
5.534717354E0	1.565005630E-2	-5.019366741E-3	6.185150146E-2	6.399786354E-2
5.544717354E0	-3.477782011E-3	7.031008601E-3	6.424522400E-2	6.472232116E-2
5.554717354E0	-1.065078378E-2	-1.209564507E-2	7.382011414E-2	7.555893776E-2
5.564717354E0	-1.286661625E-2	-2.051398158E-3	5.705356598E-2	5.852236700E-2
5.574717354E0	8.700016886E-3	-1.645122468E-2	6.423759460E-2	6.687900753E-2
5.584717354E0	-8.100830019E-3	-1.893340051E-2	7.860469818E-2	8.125758843E-2
5.594717354E0	-2.002525330E-2	-1.359117031E-2	6.901741028E-2	7.313777137E-2
5.604717354E0	2.093917504E-2	1.338909566E-2	5.943107605E-2	6.441870640E-2
5.614717354E0	-5.810521543E-4	8.636713028E-3	5.464267731E-2	5.532406906E-2
5.624717554E0	6.674155593E-3	-1.480424404E-2	3.787422180E-2	4.120881789E-2
5.634717554E0	1.713059843E-3	1.117140055E-4	6.898784637E-2	6.900920230E-2
5.644717554E0	-3.179915249E-3	-1.182539761E-2	4.265022278E-2	4.437334101E-2
5.654717554E0	8.722491562E-3	7.060766220E-4	5.221748352E-2	5.294568905E-2
5.664717554E0	1.288305968E-3	-8.338600397E-3	5.699443817E-2	5.761560528E-2
5.674717354E0	-2.275776118E-2	2.046991885E-2	8.572292328E-2	9.102391360E-2
5.684717354E0	1.605816185E-2	-5.779817700E-3	4.981231689E-2	5.265489312E-2
5.694717354E0	-1.755502447E-2	1.095250249E-2	6.896591187E-2	7.200300823E-2
5.704717354E0	6.845306605E-3	2.763979137E-2	9.051609039E-2	9.488929818E-2
5.714717354E0	1.644871384E-2	8.521854877E-3	4.742050171E-2	5.091057041E-2
5.724717354E0	-5.337998271E-3	-1.488089561E-3	5.221462250E-2	5.250786073E-2
5.734717554E0	1.123664528E-2	4.127472639E-4	4.264545441E-2	4.410291758E-2
5.744717554E0	1.084076241E-2	-2.407714725E-3	7.616996765E-2	7.697521154E-2
5.754717554E0	-1.068971679E-2	-1.428169012E-2	4.743862152E-2	5.068194481E-2
5.764717554E0	-8.330214769E-3	-1.664982736E-2	5.940914154E-2	6.225797401E-2
5.774717554E0	-8.434791118E-3	4.931867123E-3	6.419563293E-2	6.493495440E-2
5.784717354E0	-1.087161154E-2	-7.083341479E-3	7.377338409E-2	7.490579326E-2
5.794717354E0	3.882132471E-3	2.981662750E-3	6.418991089E-2	6.437628387E-2
5.804717354E0	-2.226820961E-2	-1.084575057E-2	5.220985413E-2	5.778730252E-2
5.814717354E0	-2.783611417E-4	8.735433221E-3	8.093643188E-2	8.140694863E-2
5.824717354E0	1.171959937E-2	-5.593985319E-3	6.178092957E-2	6.313101408E-2
5.834717354E0	1.405251026E-2	-5.559533834E-3	5.220413208E-2	5.434751942E-2
5.844717354E0	-2.611540258E-3	-1.258257031E-2	6.177806854E-2	6.310048313E-2
5.854717354E0	6.921324879E-3	1.870021224E-3	5.698776245E-2	5.743698100E-2
5.864717354E0	-2.185343951E-2	-4.368424416E-4	8.332347870E-2	8.614270574E-2
5.874717554E0	-7.461860776E-3	-5.189716816E-3	7.135105133E-2	7.192763761E-2
5.884717554E0	-1.668363437E-2	6.935000420E-5	4.500961304E-2	4.800222631E-2
5.894717554E0	-9.420957416E-3	7.227003574E-3	5.698013306E-2	5.820411998E-2
5.904717554E0	5.845837295E-4	4.988372326E-3	6.895160675E-2	6.913428722E-2
5.914717554E0	1.012746245E-2	-6.956338882E-3	6.895065308E-2	7.003676681E-2
5.924717354E0	1.733702049E-2	-2.132177353E-3	6.176757812E-2	6.418996936E-2
5.934717354E0	7.716249675E-3	-6.833150983E-3	5.697727203E-2	5.790200333E-2
5.944717354E0	-4.175495356E-3	1.712778211E-2	4.261207581E-2	4.611490741E-2
5.954717354E0	-6.605666131E-3	-6.700485945E-3	5.697536469E-2	5.774706502E-2
5.964717354E0	-1.737609506E-3	5.289554596E-3	4.739856720E-2	4.772444706E-2
5.974717354E0	-9.024810046E-3	1.490028203E-2	5.458068848E-2	5.729325576E-2
5.984717554E0	-1.863671467E-2	-1.846067607E-2	7.851982117E-2	8.278578387E-2
5.994717554E0	4.742667079E-4	3.042906523E-3	3.302955627E-2	3.317281714E-2
6.004717554E0	2.832256258E-3	2.953682840E-2	5.936336517E-2	6.636606838E-2
6.014717554E0	7.416158915E-4	1.244871318E-2	4.500579834E-2	4.670163100E-2
6.024717554E0	1.035502553E-2	2.846434712E-3	5.218791962E-2	5.328140105E-2
6.034717354E0	1.509207115E-2	4.694759846E-4	6.894779205E-2	7.058178978E-2
6.044717354E0	7.478468120E-3	-9.551659226E-3	8.331871033E-2	8.419720405E-2
6.054717354E0	9.898476303E-3	1.442581415E-2	7.134628296E-2	7.346003021E-2
6.064717354E0	-1.408688352E-2	2.404619753E-2	5.458641052E-2	6.128895591E-2
6.074717354E0	-1.902982965E-2	8.959859610E-3	6.417465210E-2	6.753369139E-2
6.084717354E0	-2.096734941E-3	1.359075308E-3	5.939483643E-2	5.944737149E-2
6.094717354E0	2.439821325E-2	-1.112633944E-2	6.419277191E-2	6.956852884E-2
6.104717354E0	-2.310357988E-3	-6.553441286E-3	7.377147675E-2	7.409801703E-2
6.114717354E0	9.669635445E-3	1.023265719E-2	4.982852936E-2	5.177925705E-2
6.124717554E0	1.436159387E-2	-4.028245807E-3	7.137393951E-2	7.291585139E-2
6.134717554E0	1.905505732E-2	1.270379126E-2	4.264354706E-2	4.840406623E-2
6.144717554E0	1.378935575E-2	7.601693273E-3	6.419467926E-2	6.609757120E-2
6.154717554E0	8.408796042E-3	-4.588097334E-3	7.377243042E-2	7.439173326E-2
6.164717554E0	-1.371562853E-2	-1.428724825E-2	6.180000305E-2	6.489594984E-2
6.174717354E0	-1.123320311E-2	-1.663601398E-2	6.180000305E-2	6.497832093E-2
6.184717354E0	-1.127716154E-2	-1.654860377E-2	6.179809570E-2	6.496179871E-2
6.194717354E0	-1.655122265E-2	1.727050543E-2	5.700206757E-2	6.181786987E-2
6.204717354E0	-1.647092402E-2	2.682250738E-2	5.939769745E-2	6.722220394E-2
6.214717354E0	2.639289945E-3	5.737394094E-4	7.136631012E-2	7.141740158E-2
6.224717354E0	3.491230309E-4	4.951968789E-3	5.222034454E-2	5.245577438E-2
6.234717554E0	-4.482604563E-3	-6.975516677E-3	4.982566833E-2	5.051087805E-2
6.244717554E0	7.793828845E-3	-1.453033090E-2	5.941009521E-2	6.165576776E-2
6.254717554E0	1.254794002E-2	-9.715810418E-3	6.898689270E-2	7.078869355E-2
6.264717554E0	1.495109126E-2	4.675924778E-3	5.701446533E-2	5.912739348E-2
6.274717554E0	7.970284671E-3	4.714205861E-3	4.265022278E-2	4.364390768E-2
6.284717354E0	5.541775376E-3	2.346098423E-3	6.180286407E-2	6.209516455E-2
6.294717354E0	-1.120962203E-2	9.687155485E-3	6.180000305E-2	6.355105809E-2
6.304717354E0	-6.447769701E-3	-4.581645131E-3	4.503917694E-2	4.572846669E-2
6.314717354E0	7.873464376E-3	-4.494264722E-3	6.658458710E-2	6.719893671E-2
6.324717354E0	-1.676958054E-3	1.708926260E-2	5.461406708E-2	5.724990312E-2
6.334717354E0	-8.903700858E-3	9.994089603E-3	6.897735596E-2	7.026402601E-2
6.344717354E0	-8.945114911E-3	1.469445229E-2	7.137298584E-2	7.341692663E-2
6.354717354E0	-6.471764296E-3	-2.043694258E-4	7.138156891E-2	7.167463903E-2
6.364717354E0	-1.412689686E-3	8.938133717E-3	5.702590942E-2	5.773941697E-2
6.374717554E0	-6.235562265E-3	-1.258355379E-2	5.942058563E-2	6.105762900E-2
6.384717554E0	-1.054665074E-2	-3.201305866E-3	5.703163147E-2	5.808689344E-2
6.394717554E0	-1.058959216E-2	-3.157660365E-3	5.703067780E-2	5.809138052E-2
6.404717554E0	-1.058003306E-2	-1.989029348E-2	5.224227905E-2	5.689302765E-2
6.414717554E0	8.965533227E-3	1.926749945E-3	6.181621552E-2	6.249270079E-2
6.424717354E0	4.203919321E-3	9.145170450E-3	4.984474182E-2	5.085081482E-2
6.434717354E0	-6.193667650E-4	-2.434760332E-2	7.139110565E-2	7.543128906E-2
6.444717354E0	-5.718469620E-4	-7.122173905E-3	5.222988129E-2	5.271634347E-2
6.454717354E0	9.077150375E-3	-3.477931023E-5	7.138538361E-2	7.196018942E-2
6.464717354E0	1.867967099E-2	2.438813448E-3	5.701923370E-2	6.005056978E-2
6.474717354E0	-5.987469107E-3	-6.674602628E-3	7.616043091E-2	7.668644823E-2
6.484717554E0	3.598287702E-3	5.322918296E-3	7.855415344E-2	7.881647135E-2
6.494717554E0	8.757226169E-4	-6.310492754E-3	5.460453033E-2	5.497493922E-2
6.504717554E0	8.846670389E-4	-6.283983588E-3	4.742145538E-2	4.784417954E-2
6.514717554E0	-1.551505178E-3	1.996414363E-2	6.418228149E-2	6.723346977E-2
6.524717554E0	5.658052862E-3	2.718253434E-2	5.699920654E-2	6.340199746E-2
6.534717354E0	3.221858293E-3	1.512324810E-2	6.897258759E-2	7.068458702E-2
6.544717354E0	7.739845663E-3	-1.667171717E-2	6.898212433E-2	7.138896862E-2
6.554717354E0	-1.384170726E-2	1.208488643E-2	4.982852936E-2	5.310856501E-2
6.564717354E0	7.723800838E-3	2.605408430E-3	4.024982452E-2	4.106694080E-2
6.574717354E0	-9.008653462E-3	-9.329810739E-3	7.137298584E-2	7.254174187E-2
6.584717354E0	1.244363934E-2	1.458452642E-2	5.221939087E-2	5.562748739E-2
6.594717354E0	1.012973487E-2	2.413655818E-2	4.743289948E-2	5.417623946E-2
6.604717354E0	7.461458445E-3	1.654663682E-2	3.786087036E-2	4.198702248E-2
6.614717354E0	-2.585139126E-3	-1.772433519E-2	6.899738312E-2	7.128445749E-2
6.624717554E0	2.222318202E-3	8.577436209E-3	6.660270691E-2	6.718952059E-2
6.634717554E0	1.170166209E-2	-8.954852819E-4	5.223560333E-2	5.353773478E-2
6.644717554E0	2.129886858E-2	-2.247749269E-2	8.096599579E-2	8.668547718E-2
6.654717554E0	6.328474730E-3	1.349709928E-2	6.420326233E-2	6.591115365E-2
6.664717554E0	-1.813857630E-2	-1.045238972E-2	4.744148254E-2	5.185513154E-2
6.674717354E0	5.014389753E-4	-5.234479904E-4	4.503917694E-2	4.504500969E-2
6.684717354E0	-2.140837535E-2	-2.477914095E-4	5.939674377E-2	6.313757286E-2
6.694717354E0	-6.623417139E-3	1.664090157E-2	4.982089996E-2	5.294252858E-2
6.704717354E0	-1.564246789E-2	9.150832891E-3	5.222225189E-2	5.527737455E-2
6.714717354E0	6.046861410E-3	1.157402992E-2	6.179904938E-2	6.316363832E-2
6.724717354E0	1.074739546E-2	-5.098879337E-3	8.334636688E-2	8.419098498E-2
6.734717554E0	-3.554970026E-3	3.935664892E-3	6.420135498E-2	6.442003765E-2
6.744717554E0	1.425970346E-3	-8.488073945E-3	6.181621552E-2	6.241254114E-2
6.754717554E0	1.506283879E-3	-8.512839675E-3	6.181716919E-2	6.241874508E-2
6.764717554E0	6.258428097E-3	1.319260895E-2	6.420898438E-2	6.584836010E-2
6.774717554E0	3.776777536E-3	-3.479987383E-3	5.463027954E-2	5.487113816E-2
6.784717354E0	-3.336276859E-3	-1.297676563E-2	6.659984589E-2	6.793428193E-2
6.794717354E0	-1.522735506E-2	1.094037294E-2	6.659984589E-2	6.918889777E-2
6.804717354E0	-3.299690783E-3	-5.775526166E-3	4.744625092E-2	4.791024304E-2
6.814717354E0	6.313495338E-3	6.213963032E-3	8.575344086E-2	8.620978006E-2
6.824717354E0	-9.217448533E-4	-2.001738548E-2	5.223178864E-2	5.594376712E-2
6.834717354E0	-7.965352386E-3	-1.926061511E-2	6.897926331E-2	7.205939841E-2
6.844717354E0	-1.997001097E-2	1.184627414E-2	6.897926331E-2	7.278237640E-2
6.854717354E0	-8.503235877E-4	4.689857364E-3	6.658363342E-2	6.675401151E-2
6.864717354E0	-8.077491075E-3	-4.799649119E-3	4.742813110E-2	4.834987191E-2
6.874717554E0	8.577700704E-3	4.811093211E-3	4.742813110E-2	4.843708483E-2
6.884717554E0	1.341020316E-2	-2.282753587E-3	5.460929871E-2	5.627805983E-2
6.894717554E0	-1.538097858E-2	-1.182509959E-2	5.939674377E-2	6.248504344E-2
6.904717554E0	-3.312900662E-3	-7.008597255E-3	7.376194000E-2	7.416818414E-2
6.914717554E0	-9.699389338E-4	1.472532749E-4	6.418514252E-2	6.419263965E-2
6.924717354E0	1.399587840E-3	1.119375229E-4	7.376289368E-2	7.377625539E-2
6.934717354E0	-8.167587221E-3	-4.693642259E-3	6.897449493E-2	6.961480238E-2
6.944717354E0	-1.060540229E-2	4.970639944E-3	4.263687134E-2	4.421633880E-2
6.954717354E0	-7.775101811E-3	2.846524119E-3	4.742145538E-2	4.813885477E-2
6.964717354E0	4.284106195E-3	-1.896396279E-3	6.178665161E-2	6.196402345E-2
6.974717354E0	1.838095486E-3	1.483619213E-2	7.854652405E-2	7.995653589E-2
6.984717554E0	-7.712364197E-3	7.689148188E-3	5.699825287E-2	5.802934078E-2
6.994717554E0	2.396892756E-3	7.346600294E-3	5.221843719E-2	5.278714629E-2
7.004717554E0	-1.919492334E-2	5.039751530E-3	9.531211853E-2	9.735627415E-2
7.014717554E0	-2.875202894E-2	2.567231655E-3	8.573627472E-2	9.046534502E-2
7.024717554E0	-1.719381660E-3	-1.198919117E-2	6.898498535E-2	7.004016835E-2
7.034717354E0	3.516331315E-3	-1.426208019E-2	5.701351166E-2	5.887539409E-2
7.044717354E0	-3.710489720E-3	-2.203851938E-3	5.222320557E-2	5.240122038E-2
7.054717354E0	-5.678530782E-3	-1.393158734E-2	7.137489319E-2	7.294319855E-2
7.064717354E0	1.141795889E-2	-1.116365194E-2	7.137012482E-2	7.313474979E-2
7.074717354E0	1.880010962E-2	1.354461908E-2	6.656932831E-2	7.048671009E-2
7.084717354E0	2.049453557E-3	1.357115805E-2	6.417560577E-2	6.562686163E-2
7.094717354E0	-2.781920135E-3	-1.032723486E-2	7.375144958E-2	7.452293053E-2
7.104717354E0	-1.951298118E-2	8.730590343E-3	4.981136322E-2	5.420471887E-2
7.114717354E0	-2.734940499E-3	-8.063569665E-3	4.741764069E-2	4.817606982E-2
7.124717554E0	4.475083202E-3	1.347623765E-2	5.938911438E-2	6.106310062E-2
7.134717554E0	-7.469277829E-3	8.767619729E-3	4.741573334E-2	4.879460047E-2
7.144717554E0	-5.065165460E-3	1.118868589E-2	7.854080200E-2	7.949528396E-2
7.154717554E0	4.932060838E-3	-1.293212175E-3	6.897449493E-2	6.916269640E-2
7.164717554E0	2.820491791E-4	7.525980473E-4	6.898212433E-2	6.898680622E-2
7.174717354E0	-2.216752619E-3	-1.607760787E-3	7.376956940E-2	7.382037832E-2
7.184717354E0	-9.433306754E-3	-6.369933486E-3	5.222034454E-2	5.344649393E-2
7.194717354E0	3.053195775E-3	3.408014774E-3	5.700778961E-2	5.719112384E-2
7.204717354E0	-6.504591554E-3	5.767598748E-3	4.743194580E-2	4.822203220E-2
7.214717354E0	1.293431595E-2	-8.759260178E-3	5.701255798E-2	5.911389799E-2
7.224717354E0	5.656611174E-3	7.972761989E-3	4.504299164E-2	4.609157493E-2
7.234717554E0	-8.805118501E-3	-1.499831676E-3	7.137584686E-2	7.193254564E-2
7.244717554E0	-1.656450331E-3	3.314778209E-3	6.419277191E-2	6.429963879E-2
7.254717554E0	7.937408984E-3	1.777711511E-2	7.855701447E-2	8.093350854E-2
7.264717554E0	-1.673758030E-3	-6.138950586E-3	3.785419464E-2	3.838526061E-2
7.274717554E0	-1.726686954E-3	-1.556673646E-2	7.137012482E-2	7.306845727E-2
7.284717354E0	7.763288915E-3	1.235663891E-3	5.939769745E-2	5.991562386E-2
7.294717354E0	9.661644697E-3	-7.533729076E-4	5.699348450E-2	5.781152328E-2
7.304717354E0	-1.185886562E-2	-1.508267224E-2	4.741668701E-2	5.115136267E-2
7.314717354E0	-2.255339175E-3	4.106611013E-3	5.459880829E-2	5.479945871E-2
7.324717354E0	4.812773317E-3	1.807495952E-3	7.135581970E-2	7.154077742E-2
7.334717354E0	-2.154770494E-2	1.772493124E-3	6.656837463E-2	6.999138391E-2
7.344717354E0	-2.508025616E-3	-5.265474319E-4	5.220031738E-2	5.226318570E-2
7.354717354E0	-8.775293827E-5	6.735756993E-3	6.656455994E-2	6.690454964E-2
7.364717354E0	1.238264143E-2	9.234443307E-3	7.135391235E-2	7.300675010E-2
7.374717554E0	5.165118724E-3	4.471883178E-3	7.135295868E-2	7.167929201E-2
7.384717554E0	5.182124674E-3	1.893401146E-2	5.938148499E-2	6.254208155E-2
7.394717554E0	1.218905300E-2	6.496056914E-3	4.741668701E-2	4.938738681E-2
7.404717554E0	-9.712006897E-3	3.719300032E-3	6.178665161E-2	6.265577857E-2
7.414717554E0	-9.800110012E-3	1.098850369E-2	8.093833923E-2	8.226666474E-2
7.424717354E0	-2.660316601E-2	-2.244286239E-2	6.417751312E-2	7.300797015E-2
7.434717354E0	-6.904382259E-3	-3.271535039E-3	5.699729919E-2	5.750709131E-2
7.444717354E0	2.436824143E-4	-1.521657407E-2	4.023742676E-2	4.301922849E-2
7.454717354E0	6.681792438E-4	-5.264565349E-3	5.699253082E-2	5.723906604E-2
7.464717354E0	-1.699313521E-3	-4.404932261E-4	7.135677338E-2	7.137836372E-2
7.474717354E0	5.751203746E-3	3.102190793E-2	5.938243866E-2	6.724365499E-2
7.484717554E0	3.373444080E-3	2.393613756E-2	7.613945007E-2	7.988450828E-2
7.494717554E0	1.292582229E-2	-5.425855517E-3	7.614994049E-2	7.742951780E-2
7.504717554E0	9.102970362E-4	6.588339806E-3	5.699539185E-2	5.738213619E-2
7.514717554E0	1.038226858E-2	9.016185999E-3	7.375431061E-2	7.502520539E-2
7.524717554E0	-6.677351892E-3	8.661136031E-3	5.460548401E-2	5.568986613E-2
7.534717354E0	2.743389457E-3	-1.587057114E-2	4.503822327E-2	4.783139940E-2
7.544717354E0	1.185056195E-2	-6.493583322E-3	5.940437317E-2	6.092193361E-2
7.554717354E0	1.660485193E-2	-1.678928733E-3	6.898021698E-2	7.097048854E-2
7.564717354E0	-2.584051341E-3	2.237699926E-2	5.700588226E-2	6.129500820E-2
7.574717354E0	8.901547641E-3	-1.817584038E-3	4.264259338E-2	4.359967813E-2
7.584717354E0	1.667320728E-3	1.012654603E-2	6.419181824E-2	6.500704901E-2
7.594717354E0	1.786169782E-2	2.672240138E-3	6.179904938E-2	6.438403234E-2
7.604717354E0	1.304648444E-2	7.557064295E-3	6.179714203E-2	6.360980066E-2
7.614717354E0	1.006780565E-2	-4.563137889E-3	6.179714203E-2	6.277793960E-2
7.624717554E0	-1.378417760E-2	-2.254903316E-3	4.982757568E-2	5.174819262E-2
7.634717554E0	-1.142408699E-2	-7.017090917E-3	7.616329193E-2	7.733431558E-2
7.644717554E0	-1.865034923E-2	5.041375756E-3	5.221939087E-2	5.567868334E-2
7.654717554E0	7.642328739E-3	2.964884043E-4	5.940151215E-2	5.989184201E-2
7.664717554E0	-4.299934953E-3	-1.416459680E-2	7.616233826E-2	7.758754418E-2
7.674717354E0	5.285803229E-3	1.459233463E-2	7.616233826E-2	7.772758657E-2
7.684717354E0	7.653187960E-3	1.947715878E-2	7.137203217E-2	7.437673007E-2
7.694717354E0	7.548768073E-3	1.232849061E-2	6.179332733E-2	6.346172770E-2
7.704717354E0	2.193157189E-2	2.848848701E-3	7.136917114E-2	7.471725620E-2
7.714717354E0	-1.921992749E-2	2.482309937E-3	4.503726959E-2	4.902981876E-2
7.724717354E0	-9.748525918E-3	2.166949213E-2	5.940151215E-2	6.397765463E-2
7.734717554E0	-1.686989889E-2	1.403209567E-2	4.025650024E-2	4.584843519E-2
7.744717554E0	-1.426605880E-2	6.405711174E-3	5.702400208E-2	5.912943753E-2
7.754717554E0	-9.127441794E-3	1.158162951E-3	6.182193756E-2	6.250282793E-2
7.764717554E0	8.124150336E-3	5.959570408E-4	4.507541656E-2	4.580556912E-2
7.774717554E0	-8.348327130E-3	2.652853727E-3	4.747676849E-2	4.827810834E-2
7.784717354E0	3.935962915E-3	1.671630144E-2	6.903266907E-2	7.113674112E-2
7.794717354E0	1.121612266E-2	-2.934181690E-2	7.861995697E-2	8.466310448E-2
7.804717354E0	2.309907414E-2	-2.918943763E-3	6.425285339E-2	6.834117813E-2
7.814717354E0	8.053544909E-3	-4.937544465E-3	5.227088928E-2	5.311765053E-2
7.824717354E0	-6.372630596E-3	-7.297456264E-3	6.663513184E-2	6.733575635E-2
7.834717554E0	-6.755009294E-3	2.677261829E-3	4.986763000E-2	5.039422987E-2
7.844717554E0	5.242723972E-3	-9.258076549E-3	6.662559509E-2	6.746975661E-2
7.854717554E0	2.804309130E-3	-1.156491041E-2	5.465316772E-2	5.593371117E-2
7.864717554E0	-4.415437579E-3	-4.224896431E-3	5.704402924E-2	5.737043760E-2
7.874717754E0	3.141202033E-4	-1.331195235E-3	7.379436493E-2	7.380703928E-2
7.884717754E0	-4.518114030E-3	1.312151551E-2	5.942821503E-2	6.102704536E-2
7.894717754E0	2.895713411E-2	8.376434445E-3	6.900310516E-2	7.530012478E-2
7.904717754E0	1.642531157E-2	-1.550374925E-2	5.463409424E-2	5.911887477E-2
7.914717754E0	-5.723308772E-3	-8.761137724E-4	3.068447113E-2	3.122596047E-2
7.924717554E0	-5.767539144E-3	3.999650478E-3	6.180667877E-2	6.220391670E-2
7.934717554E0	3.384336829E-3	4.308968782E-3	7.855892181E-2	7.874976282E-2
7.944717554E0	-1.082968339E-2	9.065046906E-3	7.377243042E-2	7.511210693E-2
7.954717554E0	-2.286163345E-2	4.311114550E-3	6.658840179E-2	7.053548927E-2
7.964717554E0	1.167666167E-3	9.188756347E-3	7.137584686E-2	7.197435795E-2
7.974717554E0	5.868371576E-3	-5.089670420E-3	4.503726959E-2	4.570227765E-2
7.984717754E0	-6.146192551E-3	-2.651959658E-3	4.503631592E-2	4.553106988E-2
7.994717754E0	1.782129332E-2	-1.783221960E-4	4.024696350E-2	4.401645562E-2
8.004717754E0	-6.565809250E-3	-1.705865562E-2	6.658267975E-2	6.904607755E-2
8.014717754E0	7.791418582E-3	1.224200428E-2	4.741859436E-2	4.958927266E-2
8.024717754E0	7.650312036E-3	2.812474966E-3	2.586841583E-2	2.712217225E-2
8.034717554E0	7.589358836E-3	2.918314934E-2	6.417465210E-2	7.090585692E-2
8.044717554E0	-1.669345424E-2	-1.213756204E-2	5.700111389E-2	6.062275820E-2
8.054717554E0	2.476572990E-3	1.668971777E-2	4.742240906E-2	5.033453063E-2
8.064717554E0	-7.136899978E-3	-1.961830258E-2	3.545856476E-2	4.114757529E-2
8.074717554E0	-2.154638246E-2	1.877611876E-2	5.700492859E-2	6.376794740E-2
8.084717554E0	-1.389497146E-2	1.137304306E-2	7.616424561E-2	7.825221178E-2
8.094717554E0	8.300319314E-3	-1.056794822E-2	8.096218109E-2	8.206979711E-2
8.104717554E0	-3.644529730E-3	6.227031350E-3	7.138538361E-2	7.174908716E-2
8.114717554E0	-3.220643848E-3	1.349404454E-3	5.941867828E-2	5.952119596E-2
8.124717754E0	3.927417099E-3	8.557930589E-3	6.181144714E-2	6.252453742E-2
8.134717554E0	-5.345586687E-3	-6.135731936E-3	5.463695526E-2	5.523965409E-2
8.144717554E0	1.924905926E-3	1.310737431E-2	7.618236542E-2	7.732568347E-2
8.154717554E0	1.943983138E-3	8.284509182E-3	5.463600159E-2	5.529470890E-2
8.164717554E0	6.750863045E-3	1.303821802E-2	5.942535400E-2	6.121226984E-2
8.174717354E0	-5.139835179E-3	-6.140291691E-3	5.463790894E-2	5.522157351E-2
8.184717354E0	-1.229586825E-2	-6.104394794E-3	4.984951019E-2	5.170518038E-2
8.194717554E0	-2.631191164E-3	1.074449718E-2	5.942535400E-2	6.044617511E-2
8.204717554E0	-5.008410662E-3	6.053045392E-3	5.224037170E-2	5.282783330E-2
8.214717554E0	2.403529733E-2	-1.475155354E-3	6.182479858E-2	6.634890595E-2
8.224717554E0	-7.381435484E-3	5.900561810E-4	6.422328949E-2	6.464877933E-2
8.234717754E0	1.162209734E-2	-2.236023545E-3	7.141304016E-2	7.238712077E-2
8.244717754E0	-9.959734976E-3	-1.661910117E-2	5.704784393E-2	6.024821443E-2
8.254717754E0	-7.609762251E-3	2.276599407E-4	5.704593658E-2	5.755170885E-2
8.264717754E0	-7.706120610E-3	-1.172719896E-2	7.380485535E-2	7.512701354E-2
8.274717754E0	-5.223341286E-3	-4.498958588E-3	5.225658417E-2	5.270933989E-2
8.284717554E0	-7.668361068E-3	-9.314045310E-3	4.507446289E-2	4.666114450E-2
8.294717554E0	2.250812948E-3	-3.949984908E-3	5.703639984E-2	5.721730024E-2
8.304717554E0	9.593788534E-3	-3.491148353E-3	4.505825043E-2	4.620037691E-2
8.314717554E0	-1.644343138E-5	1.279622316E-3	5.942440033E-2	5.943817846E-2
8.324717554E0	2.868851833E-2	-5.341798067E-3	5.701923370E-2	6.405278216E-2
8.334717554E0	1.389900595E-2	-1.465325058E-2	4.743576050E-2	5.155629441E-2
8.344717554E0	1.590443403E-2	2.389380336E-2	7.376575470E-2	7.915334122E-2
8.354717554E0	-1.040525734E-2	-2.406731248E-3	7.615947723E-2	7.690466636E-2
8.364717554E0	-1.996396109E-2	-2.159516513E-2	6.897735596E-2	7.498524211E-2
8.374717754E0	-2.233103663E-2	-9.588196874E-3	6.658267975E-2	7.087920681E-2
8.384717754E0	-1.016488299E-2	4.655718803E-4	4.981613159E-2	5.084474968E-2
8.394717754E0	-1.727806777E-2	-9.074985981E-3	5.220985413E-2	5.573828006E-2
8.404717754E0	-6.999082863E-3	1.303662360E-2	6.417465210E-2	6.585838358E-2
8.414717754E0	-1.648811251E-2	1.787047088E-2	6.417465210E-2	6.862650768E-2
8.424717554E0	2.613544464E-3	-1.266241074E-3	5.938625336E-2	5.945722049E-2
8.434717554E0	8.175499737E-3	1.066474617E-2	7.375526428E-2	7.496942454E-2
8.444717554E0	2.730487287E-2	-1.814462245E-2	7.136249542E-2	7.853272668E-2
8.454717554E0	3.379795700E-3	-3.682464361E-3	4.981327057E-2	5.006341466E-2
8.464717554E0	-3.724876791E-3	-5.925893784E-3	5.699253082E-2	5.742072356E-2
8.474717554E0	9.420663118E-4	8.928582072E-3	5.937862396E-2	6.005354320E-2
8.484717754E0	-1.102020591E-2	1.772522926E-3	6.656074524E-2	6.749014434E-2
8.494717554E0	9.773559868E-4	1.138520241E-2	5.458927155E-2	5.577245401E-2
8.504717554E0	-1.504447311E-3	4.289180040E-3	6.416416168E-2	6.432495683E-2
8.514717554E0	-3.879185766E-3	1.860633492E-3	8.092403412E-2	8.103832018E-2
8.524717554E0	5.655549467E-3	-1.498706639E-2	6.655979156E-2	6.846023117E-2
8.534717354E0	8.346848190E-4	2.219557762E-3	5.218696594E-2	5.224081306E-2
8.544717354E0	1.042060927E-2	-7.330596447E-3	5.697441101E-2	5.838159172E-2
8.554717354E0	1.755904779E-2	-1.446993649E-2	5.936813354E-2	6.357888409E-2
8.564717354E0	8.078671992E-3	7.105842233E-3	6.655025482E-2	6.741434826E-2
8.574717354E0	3.238148987E-3	-9.636670351E-3	4.739665985E-2	4.847467782E-2
8.584717354E0	-1.117009297E-2	2.377942204E-3	5.457878113E-2	5.576081900E-2
8.594717354E0	7.667690516E-4	-9.566858411E-3	6.415462494E-2	6.486854874E-2
8.604717354E0	-1.145491004E-2	-1.156127453E-2	5.696392059E-2	5.924328048E-2
8.614717354E0	-1.973193139E-3	3.822445869E-4	4.978179932E-2	4.982235588E-2
8.624717554E0	-4.236470908E-3	-1.921966672E-3	6.653881073E-2	6.670123668E-2
8.634717554E0	7.113590837E-4	-8.557900786E-3	6.413650513E-2	6.470884783E-2
8.644717554E0	5.572199821E-3	3.870785236E-3	4.736995697E-2	4.785337201E-2
8.654717554E0	-2.312304825E-2	1.346579194E-2	6.652355194E-2	7.170345791E-2
8.664717554E0	1.559575275E-2	3.992229700E-3	7.849502563E-2	8.012886154E-2
8.674717354E0	-1.119870692E-3	4.081085324E-3	4.976367950E-2	4.994329951E-2
8.684717354E0	-5.951639265E-3	6.562843919E-3	5.215549469E-2	5.290263279E-2
8.694717354E0	1.340254024E-2	-1.541137695E-2	6.173992157E-2	6.503042780E-2
8.704717354E0	-1.538001373E-2	1.364946365E-3	7.131671906E-2	7.296905041E-2
8.714717354E0	-2.732490003E-2	-3.387823701E-3	5.455684662E-2	6.111118575E-2
8.724717354E0	6.220042706E-3	-8.140623569E-3	4.737377167E-2	4.846888616E-2
8.734717554E0	6.487369537E-3	2.332197130E-2	5.694580078E-2	6.187749619E-2
8.744717554E0	-8.008182049E-4	1.851603389E-3	6.173229218E-2	6.176524623E-2
8.754717554E0	1.347637177E-2	1.894146204E-3	1.384735107E-2	1.941518781E-2
8.764717554E0	8.758321404E-3	3.305521607E-2	4.497241974E-2	5.649667283E-2
8.774717554E0	8.618019521E-3	1.097019017E-2	7.371139526E-2	7.501989819E-2
8.784717354E0	8.357178420E-3	1.990263164E-2	7.611465454E-2	7.911635617E-2
8.794717354E0	7.950101048E-3	1.432743669E-2	6.176090240E-2	6.389748520E-2
8.804717354E0	-1.643658429E-2	-5.455702543E-3	3.543376923E-2	3.943954862E-2
8.814717354E0	-1.180261001E-2	-3.738984466E-3	4.262733459E-2	4.438886417E-2
8.824717354E0	-1.895908639E-2	5.873426795E-3	8.572196960E-2	8.798977311E-2
8.834717354E0	9.843807667E-3	5.778312683E-3	8.093547821E-2	8.173641220E-2
8.844717354E0	-1.166751236E-2	-3.823906183E-3	6.657123566E-2	6.769403607E-2
8.854717354E0	2.706393600E-3	1.535609365E-2	5.699443817E-2	5.908891741E-2
8.864717354E0	-1.882068813E-3	-4.179880023E-3	5.700206757E-2	5.718609347E-2
8.874717554E0	1.243827865E-2	1.266661286E-2	7.376003265E-2	7.586630526E-2
8.884717554E0	-9.075265378E-3	2.643182874E-3	4.982566833E-2	5.071433804E-2
8.894717554E0	2.912502736E-3	3.459602594E-4	3.785228729E-2	3.796574790E-2
8.904717554E0	-8.953001350E-3	-2.546221018E-3	6.898689270E-2	6.961200212E-2
8.914717554E0	9.705908597E-4	2.355033159E-2	5.941677094E-2	6.392114543E-2
8.924717354E0	-3.659006208E-3	-2.005983889E-2	6.421470642E-2	6.737443123E-2
8.934717354E0	-1.086912304E-2	-3.204435110E-3	3.787612915E-2	3.953488838E-2
8.944717354E0	-8.465588093E-3	1.837016642E-2	6.660556793E-2	6.960912926E-2
8.954717354E0	-1.287242025E-2	1.096585393E-2	9.055328369E-2	9.211865361E-2
8.964717354E0	6.681770086E-3	2.024245262E-2	6.661891937E-2	6.994628909E-2
8.974717354E0	6.708864123E-3	-1.324057579E-2	4.746532440E-2	4.973206939E-2
8.984717554E0	1.646132395E-2	-4.169330001E-3	6.423473358E-2	6.644139897E-2
8.994717554E0	6.903402507E-3	-1.809701324E-3	6.662940979E-2	6.701052331E-2
9.004717554E0	1.393029094E-2	-1.846894622E-3	5.465888977E-2	5.643632036E-2
9.014717554E0	-1.215498894E-3	-4.139110446E-3	3.789329529E-2	3.813805843E-2
9.024717554E0	-6.603308022E-3	-1.584762335E-2	5.703926086E-2	5.956700532E-2
9.034717354E0	-1.383007690E-2	3.349259496E-3	8.098030090E-2	8.222102955E-2
9.044717354E0	-4.243545234E-3	-1.412242651E-3	5.464363098E-2	5.482634870E-2
9.054717354E0	-1.152179390E-2	-1.440003514E-3	8.097934723E-2	8.180757925E-2
9.064717354E0	1.032838225E-2	-1.128003001E-3	6.900501251E-2	6.978280320E-2
9.074717354E0	2.464156970E-2	-1.155197620E-3	7.858181000E-2	8.236286968E-2
9.084717354E0	5.399830639E-3	1.569086313E-2	5.224323273E-2	5.481529643E-2
9.094717354E0	1.732635498E-2	1.412853599E-3	4.745292664E-2	5.053690709E-2
9.104717354E0	5.189329386E-5	-1.302166283E-2	6.660461426E-2	6.786561011E-2
9.114717354E0	-1.440839842E-2	-2.023196220E-2	5.224037170E-2	5.784453886E-2
9.124717554E0	-1.438088715E-2	-1.042276621E-3	7.139301300E-2	7.283445998E-2
9.134717554E0	4.904326051E-3	6.739139557E-3	6.659507751E-2	6.711462408E-2
9.144717554E0	-6.980024278E-3	-2.748444676E-3	6.898880005E-2	6.939545532E-2
9.154717554E0	2.508442849E-3	1.409743726E-2	4.504489899E-2	4.726598087E-2
9.164717554E0	-4.656251520E-3	1.180052757E-2	5.222511292E-2	5.374379544E-2
9.174717354E0	-4.698466510E-3	6.923869252E-3	7.377433777E-2	7.424734653E-2
9.184717354E0	2.763092518E-3	-5.454808474E-3	5.462932587E-2	5.497047262E-2
9.194717354E0	2.789217979E-3	1.373441517E-2	4.984092712E-2	5.177385357E-2
9.204717354E0	-2.348675951E-2	-3.480032086E-3	8.336734772E-2	8.668248474E-2
9.214717354E0	-4.358254373E-3	6.105422974E-3	7.857990265E-2	7.893713747E-2
9.224717354E0	1.243676618E-2	8.518129587E-3	6.181907654E-2	6.363041654E-2
9.234717554E0	-4.209492356E-3	8.046418428E-3	7.140445709E-2	7.197958855E-2
9.244717554E0	2.453910559E-2	8.055686951E-3	7.379913330E-2	7.818806732E-2
9.254717554E0	-9.312823415E-3	3.678351641E-4	6.901836395E-2	6.964480272E-2
9.264717554E0	-4.630636424E-3	1.190747321E-2	7.860279083E-2	7.963434836E-2
9.274717554E0	9.587310255E-3	-4.906803370E-3	5.226612091E-2	5.336422615E-2
9.284717354E0	7.211323828E-3	-2.503141761E-3	5.466079712E-2	5.519122803E-2
9.294717354E0	-9.565565735E-3	2.630621195E-2	5.944728851E-2	6.570766277E-2
9.304717354E0	-7.197037339E-3	-9.598270059E-3	6.902408600E-2	7.005889367E-2
9.314717354E0	2.336867154E-3	-2.460092306E-3	4.268741608E-2	4.282205616E-2
9.324717354E0	-9.608335793E-3	2.407878637E-3	5.944633484E-2	6.026594994E-2
9.334717554E0	-1.442180574E-2	-7.160112262E-3	8.817672729E-2	8.963476404E-2
9.344717554E0	-2.864003181E-5	-1.200048625E-2	5.226421356E-2	5.362425300E-2
9.354717554E0	6.545335054E-6	-1.198229194E-2	5.226421356E-2	5.362017701E-2
9.364717554E0	1.005297154E-2	2.715438604E-3	5.226039886E-2	5.328775782E-2
9.374717754E0	1.269443706E-2	-8.795291185E-3	5.704212189E-2	5.909576591E-2
9.384717754E0	1.027241349E-2	5.710020661E-3	5.703926086E-2	5.823748016E-2
9.394717754E0	5.457777530E-3	-8.646696806E-3	6.422138214E-2	6.503029006E-2
9.404717754E0	5.484752357E-3	1.058678329E-2	8.337497711E-2	8.422321115E-2
9.414717754E0	1.987791434E-2	-8.618772030E-3	5.703830719E-2	6.101461462E-2
9.424717554E0	9.606167674E-3	-1.082231104E-2	7.618522644E-2	7.754733781E-2
9.434717554E0	9.162999690E-3	-9.457916021E-4	4.744720459E-2	4.833313882E-2
9.444717554E0	-5.670249462E-3	-6.810575724E-4	5.701732635E-2	5.730262710E-2
9.454717554E0	-3.363844007E-3	-1.735395193E-2	6.898689270E-2	7.121563353E-2
9.464717554E0	-1.555242389E-2	-9.753972292E-3	5.461311340E-2	5.761605696E-2
9.474717554E0	-1.552477106E-2	3.235042095E-4	6.657505035E-2	6.836198140E-2
9.484717754E0	-1.525975391E-2	1.515816152E-2	5.938625336E-2	6.316135716E-2
9.494717754E0	4.435669631E-3	-1.342293620E-2	6.177997589E-2	6.337677652E-2
9.504717754E0	2.366813645E-2	9.612739086E-4	6.417465210E-2	6.840680304E-2
9.514717754E0	-1.233125478E-2	2.011372149E-2	6.417465210E-2	6.837402730E-2
9.524717754E0	-1.240924746E-2	-1.098543406E-2	6.656742096E-2	6.859949502E-2
9.534717554E0	1.983907074E-3	-1.460596919E-3	5.220317841E-2	5.226127693E-2
9.544717554E0	7.084041834E-3	1.228392124E-3	6.895923615E-2	6.933302853E-2
9.554717754E0	-1.681391895E-2	-1.164928079E-3	7.374763489E-2	7.564904877E-2
9.564717754E0	-4.824750125E-3	6.026953459E-3	4.262256622E-2	4.331611170E-2
9.574717754E0	5.986541510E-5	-1.127794385E-3	5.219936371E-2	5.221157990E-2
9.584717754E0	7.145930082E-3	8.465081453E-3	6.416988373E-2	6.511909012E-2
9.594717754E0	-1.198951900E-2	1.291751862E-3	5.698680878E-2	5.824872156E-2
9.604717754E0	-4.647430032E-3	-8.334860206E-3	6.896018982E-2	6.961735617E-2
9.614717754E0	-1.180209592E-2	1.794938743E-2	6.896114349E-2	7.222955966E-2
9.624717954E0	-6.545051932E-3	-3.774568439E-3	4.741859436E-2	4.801674877E-2
9.634717954E0	-6.649702787E-3	1.091390848E-3	5.938816071E-2	5.976925057E-2
9.644717954E0	-1.087560132E-2	-1.319482923E-3	4.502582550E-2	4.633945081E-2
9.654717954E0	1.053042710E-3	1.060716808E-2	4.263210297E-2	4.394447766E-2
9.664717954E0	-8.015260100E-4	7.985234261E-3	7.615661621E-2	7.657830373E-2
9.674717954E0	-1.519241929E-2	5.599573255E-3	5.939865112E-2	6.156593685E-2
9.684717954E0	1.541312784E-3	-1.593969762E-2	8.094501495E-2	8.251390823E-2
9.694717954E0	-8.173286915E-4	-1.556143165E-3	5.700302124E-2	5.703011519E-2
9.704717954E0	1.157435402E-2	9.683519602E-4	7.376289368E-2	7.467173401E-2
9.714717954E0	2.093784511E-3	3.390580416E-3	5.460929871E-2	5.475450186E-2
9.724717954E0	-2.737693489E-3	-1.815772057E-2	5.700302124E-2	5.988774676E-2
9.734718187E0	-7.551055402E-3	-3.827810287E-3	5.939769745E-2	5.999797523E-2
9.744718187E0	-2.455323935E-3	-5.664229393E-3	5.460166931E-2	5.494956234E-2
9.754718187E0	-9.609986097E-3	1.583161950E-2	6.417942047E-2	6.679812887E-2
9.764718187E0	2.965033054E-3	6.414353848E-3	5.220794678E-2	5.268401146E-2
9.774718187E0	1.023648679E-2	1.627743244E-3	6.418037415E-2	6.501196532E-2
9.784717987E0	5.544889718E-3	4.050076008E-3	6.896877289E-2	6.930974355E-2
9.794717987E0	-1.173558831E-2	-8.192509413E-3	6.897068024E-2	7.044001686E-2
9.804717987E0	-1.830738038E-3	6.564632058E-3	7.614803314E-2	7.645239661E-2
9.814717987E0	7.727269083E-3	2.105250955E-2	7.614612579E-2	7.937979163E-2
9.824717987E0	1.494542882E-2	-5.265340209E-3	6.417560577E-2	6.610293508E-2
9.834717987E0	5.263239145E-3	6.783187389E-3	5.698966980E-2	5.763276656E-2
9.844717987E0	4.573017359E-4	-7.503077388E-3	5.938339233E-2	5.985726840E-2
9.854717787E0	7.658489048E-3	1.644849777E-2	7.374858856E-2	7.594774420E-2
9.864717787E0	2.844385803E-3	6.880268455E-3	7.853603363E-2	7.888813094E-2
9.874717987E0	-1.387947425E-2	2.126380801E-2	6.417083740E-2	6.901221421E-2
9.884717987E0	-1.942832023E-3	9.318888187E-3	5.219936371E-2	5.306024731E-2
9.894717987E0	-9.087130427E-3	-3.710389137E-4	5.938434601E-2	6.007673560E-2
9.904717987E0	-1.378594339E-2	-9.989753366E-3	5.220317841E-2	5.490919088E-2
9.914717987E0	-1.382085681E-2	-3.430545330E-4	7.135486603E-2	7.268184557E-2
9.924717787E0	-2.102859318E-2	-1.234932244E-2	5.938434601E-2	6.419663579E-2
9.934717587E0	2.262949944E-2	6.787553430E-3	6.178092957E-2	6.614414853E-2
9.944717587E0	1.056548208E-3	2.007797360E-3	6.178092957E-2	6.182257518E-2
9.954717587E0	-3.716055304E-3	2.130225301E-2	5.938529968E-2	6.319975371E-2
9.964717587E0	1.316355541E-2	-5.391478539E-3	5.699729919E-2	5.874554747E-2
9.974717387E0	-3.755599260E-3	1.420259476E-3	5.939769745E-2	5.953325226E-2
9.984717587E0	8.233018219E-3	-8.147329092E-3	7.855129242E-2	7.940067444E-2
9.994717587E0	-1.327928156E-2	-1.291757822E-2	5.939674377E-2	6.221877785E-2
1.000471759E1	2.021500468E-2	6.201058626E-3	7.615661621E-2	7.903752106E-2
1.001471759E1	-1.429527998E-3	1.344364882E-2	5.221366882E-2	5.393553982E-2
1.002471759E1	-3.919336945E-3	-9.053051472E-4	5.700016022E-2	5.714192020E-2
1.003471735E1	5.693025887E-3	-2.243472636E-2	6.418323517E-2	6.822913723E-2
1.004471735E1	-3.911655396E-3	-7.468163967E-4	6.418132782E-2	6.430475584E-2
1.005471735E1	-3.876280040E-3	-7.284432650E-4	7.136344910E-2	7.147235860E-2
1.006471735E1	1.297100633E-2	4.061385989E-3	5.220985413E-2	5.395007627E-2
1.007471735E1	3.358718008E-3	-1.023404300E-2	5.939197540E-2	6.036077671E-2
1.008471735E1	-8.873596787E-3	9.380370378E-3	5.938243866E-2	6.077010852E-2
1.009471735E1	5.526248366E-3	-7.316797972E-3	7.853507996E-2	7.906853823E-2
1.010471735E1	3.098241985E-3	4.680335522E-3	6.177425385E-2	6.202872788E-2
1.011471735E1	7.924921811E-4	-1.063793898E-4	6.895828247E-2	6.896291816E-2
1.012471755E1	6.067370996E-2	2.630975842E-2	-5.942363739E-1	5.979049845E-1
1.013471755E1	2.834635228E-2	-1.034712270E-1	2.104030609E0	2.106764015E0
1.014471755E1	-2.145581692E-2	-1.305472851E-2	3.273954391E-1	3.283573535E-1
1.015471755E1	3.373526037E-2	-1.432313025E-2	2.292156219E-1	2.321271660E-1
1.016471755E1	-7.457664609E-2	1.226708293E-2	-7.724952698E-2	1.080724150E-1
1.017471735E1	5.670766905E-2	3.144060075E-2	-2.950849533E-1	3.021248099E-1
1.018471735E1	-3.941275924E-2	2.978862822E-2	-5.804634094E-2	7.622404909E-2
